-- phpMyAdmin SQL Dump
-- version 4.8.0.1
-- https://www.phpmyadmin.net/
--
-- Host: 127.0.0.1
-- Generation Time: Jul 02, 2018 at 07:38 PM
-- Server version: 10.1.32-MariaDB
-- PHP Version: 7.2.5

SET SQL_MODE = "NO_AUTO_VALUE_ON_ZERO";
SET AUTOCOMMIT = 0;
START TRANSACTION;
SET time_zone = "+00:00";


/*!40101 SET @OLD_CHARACTER_SET_CLIENT=@@CHARACTER_SET_CLIENT */;
/*!40101 SET @OLD_CHARACTER_SET_RESULTS=@@CHARACTER_SET_RESULTS */;
/*!40101 SET @OLD_COLLATION_CONNECTION=@@COLLATION_CONNECTION */;
/*!40101 SET NAMES utf8mb4 */;

--
-- Database: `test_laravelapi`
--

-- --------------------------------------------------------

--
-- Table structure for table `migrations`
--

CREATE TABLE `migrations` (
  `id` int(10) UNSIGNED NOT NULL,
  `migration` varchar(191) COLLATE utf8mb4_unicode_ci NOT NULL,
  `batch` int(11) NOT NULL
) ENGINE=InnoDB DEFAULT CHARSET=utf8mb4 COLLATE=utf8mb4_unicode_ci;

--
-- Dumping data for table `migrations`
--

INSERT INTO `migrations` (`id`, `migration`, `batch`) VALUES
(1, '2014_10_12_000000_create_users_table', 1),
(2, '2014_10_12_100000_create_password_resets_table', 1),
(3, '2018_01_21_175327_create_staff_table', 1),
(4, '2018_01_21_175528_create_photos_table', 1),
(5, '2018_07_02_161948_create_products_table', 1),
(6, '2018_07_02_162129_create_reviews_table', 1);

-- --------------------------------------------------------

--
-- Table structure for table `password_resets`
--

CREATE TABLE `password_resets` (
  `email` varchar(191) COLLATE utf8mb4_unicode_ci NOT NULL,
  `token` varchar(191) COLLATE utf8mb4_unicode_ci NOT NULL,
  `created_at` timestamp NULL DEFAULT NULL
) ENGINE=InnoDB DEFAULT CHARSET=utf8mb4 COLLATE=utf8mb4_unicode_ci;

-- --------------------------------------------------------

--
-- Table structure for table `photos`
--

CREATE TABLE `photos` (
  `id` int(10) UNSIGNED NOT NULL,
  `path` varchar(191) COLLATE utf8mb4_unicode_ci NOT NULL,
  `imageable_id` int(11) NOT NULL,
  `imageable_type` varchar(191) COLLATE utf8mb4_unicode_ci NOT NULL,
  `created_at` timestamp NULL DEFAULT NULL,
  `updated_at` timestamp NULL DEFAULT NULL
) ENGINE=InnoDB DEFAULT CHARSET=utf8mb4 COLLATE=utf8mb4_unicode_ci;

-- --------------------------------------------------------

--
-- Table structure for table `products`
--

CREATE TABLE `products` (
  `id` int(10) UNSIGNED NOT NULL,
  `name` varchar(191) COLLATE utf8mb4_unicode_ci NOT NULL,
  `detail` text COLLATE utf8mb4_unicode_ci NOT NULL,
  `price` int(11) NOT NULL,
  `stock` int(11) NOT NULL,
  `discount` int(11) NOT NULL,
  `created_at` timestamp NULL DEFAULT NULL,
  `updated_at` timestamp NULL DEFAULT NULL
) ENGINE=InnoDB DEFAULT CHARSET=utf8mb4 COLLATE=utf8mb4_unicode_ci;

--
-- Dumping data for table `products`
--

INSERT INTO `products` (`id`, `name`, `detail`, `price`, `stock`, `discount`, `created_at`, `updated_at`) VALUES
(1, 'vel', 'Hic laudantium alias harum odit. Ipsa numquam deleniti aut iusto neque. Non cum dolores rem repudiandae officia ipsum dicta facere. Itaque iste facere voluptates optio.', 809, 2, 21, '2018-07-02 11:00:59', '2018-07-02 11:00:59'),
(2, 'ea', 'Ipsa numquam pariatur sunt ut dignissimos. Suscipit magni qui dolorem suscipit quis vel quia. Quia magnam omnis quia at voluptatem voluptas dignissimos. Sit non soluta dolorem.', 486, 5, 11, '2018-07-02 11:00:59', '2018-07-02 11:00:59'),
(3, 'officiis', 'Vel asperiores rerum sunt et est ipsam fuga. Sapiente et maxime laboriosam sit voluptatem.', 892, 2, 23, '2018-07-02 11:00:59', '2018-07-02 11:00:59'),
(4, 'quo', 'Dignissimos fugit minus iste explicabo et soluta nesciunt. Laboriosam quod saepe inventore.', 217, 8, 10, '2018-07-02 11:00:59', '2018-07-02 11:00:59'),
(5, 'dolor', 'Quia officia eveniet minima amet voluptatem. Temporibus nobis quo vero omnis alias sint et magni. Voluptatem soluta eaque iure iure mollitia ex et.', 875, 3, 28, '2018-07-02 11:00:59', '2018-07-02 11:00:59'),
(6, 'perspiciatis', 'Labore odit rerum qui iure expedita nesciunt porro. Dolores totam repudiandae cupiditate atque cum. Beatae id doloremque consectetur et iure.', 774, 3, 6, '2018-07-02 11:00:59', '2018-07-02 11:00:59'),
(7, 'et', 'Dolores aliquam nostrum quia qui ea earum asperiores. Dolorum qui rerum et occaecati aperiam fugit molestias. Omnis distinctio enim impedit quia ipsum hic. Quis nihil et et optio quas itaque rerum.', 335, 2, 10, '2018-07-02 11:00:59', '2018-07-02 11:00:59'),
(8, 'quis', 'Ratione commodi necessitatibus et repudiandae sint quisquam et. Alias et debitis officiis. Ipsa modi eos modi itaque corporis molestias enim.', 540, 9, 6, '2018-07-02 11:00:59', '2018-07-02 11:00:59'),
(9, 'natus', 'Aliquid fugiat possimus quos. Iure ipsam ullam qui facilis. Delectus in quis nihil. Repudiandae esse similique provident similique est.', 484, 3, 27, '2018-07-02 11:00:59', '2018-07-02 11:00:59'),
(10, 'magnam', 'Distinctio excepturi voluptatem ipsam itaque vel neque. Provident reprehenderit et in. Non cum est officia expedita dicta distinctio.', 712, 5, 28, '2018-07-02 11:00:59', '2018-07-02 11:00:59'),
(11, 'voluptate', 'Veniam magni libero ex officia iure. Voluptatem suscipit hic voluptatem natus. Harum labore quia neque incidunt reprehenderit et.', 636, 9, 29, '2018-07-02 11:00:59', '2018-07-02 11:00:59'),
(12, 'dolore', 'Molestias eos nobis natus a molestias. Magnam quo sed adipisci. Et minus at ullam totam. Aliquid perspiciatis molestias voluptas sed.', 248, 7, 24, '2018-07-02 11:00:59', '2018-07-02 11:00:59'),
(13, 'ullam', 'Illo quia asperiores sapiente qui. Eos quos sit placeat quod. Architecto eos doloremque eos vero facere. Suscipit assumenda qui maxime sint maxime non.', 680, 7, 18, '2018-07-02 11:00:59', '2018-07-02 11:00:59'),
(14, 'dolor', 'Voluptates error reprehenderit consequuntur fuga libero veniam voluptatem. Saepe qui commodi culpa facilis tempora molestiae voluptas. Facere itaque aut voluptates ea et magnam. Est architecto et pariatur eum dignissimos ipsam animi.', 981, 5, 27, '2018-07-02 11:00:59', '2018-07-02 11:00:59'),
(15, 'expedita', 'Ratione necessitatibus voluptatem laudantium voluptas libero aut. Dolorem quisquam et aspernatur. Magni corporis voluptatibus qui cumque nisi reprehenderit hic officiis.', 133, 9, 13, '2018-07-02 11:00:59', '2018-07-02 11:00:59'),
(16, 'quia', 'Sint ea et occaecati officia ipsum voluptatem. Provident deleniti magnam atque tenetur nihil.', 138, 6, 22, '2018-07-02 11:00:59', '2018-07-02 11:00:59'),
(17, 'praesentium', 'Minima quod dolorem impedit impedit repudiandae labore. Optio magnam nostrum ea dignissimos optio. Quaerat et maxime aspernatur. Rerum perspiciatis quos voluptas deleniti recusandae.', 820, 3, 21, '2018-07-02 11:00:59', '2018-07-02 11:00:59'),
(18, 'aliquam', 'Distinctio voluptatum neque eos veritatis rerum ipsa. Voluptates dolore ea non doloribus. Libero iusto et hic reprehenderit soluta ea qui. Sed maiores impedit debitis. Aut rerum ut tempore provident occaecati enim quidem error.', 138, 3, 11, '2018-07-02 11:00:59', '2018-07-02 11:00:59'),
(19, 'tempora', 'Ut dolorem velit veniam illum rerum voluptas. Consequatur ut et aliquid. Impedit aspernatur dolorem sed necessitatibus repellendus accusamus.', 922, 9, 7, '2018-07-02 11:00:59', '2018-07-02 11:00:59'),
(20, 'dolorem', 'Ut quo architecto aspernatur velit facilis. Quas voluptatem repellat inventore voluptas reprehenderit quia aut eveniet. Non similique maiores deserunt quia.', 950, 4, 9, '2018-07-02 11:00:59', '2018-07-02 11:00:59'),
(21, 'numquam', 'Perferendis consequuntur esse commodi qui. Et eos dolor est enim officia. Tempora molestiae consequatur consequatur cumque aut aut iure. Quo similique quibusdam autem qui et.', 765, 9, 18, '2018-07-02 11:00:59', '2018-07-02 11:00:59'),
(22, 'eveniet', 'Fugiat amet repellendus ex aut velit. Quas qui ducimus debitis aliquam dolor perferendis incidunt. Nulla autem quas animi.', 423, 0, 28, '2018-07-02 11:00:59', '2018-07-02 11:00:59'),
(23, 'laudantium', 'Ipsum molestiae possimus nesciunt. Et deserunt reprehenderit voluptas officiis quis unde non. Eos enim tempore sequi culpa veritatis est iure voluptatum. Temporibus deleniti vel beatae natus itaque excepturi.', 277, 1, 30, '2018-07-02 11:00:59', '2018-07-02 11:00:59'),
(24, 'magnam', 'Atque aperiam non ipsa pariatur dolores. Reiciendis soluta earum debitis est quidem aliquid nostrum. Ea unde quo consequatur hic eaque. Aut blanditiis eum quis modi vel earum error.', 682, 6, 27, '2018-07-02 11:00:59', '2018-07-02 11:00:59'),
(25, 'omnis', 'Quae eveniet quia placeat harum voluptatem. Natus est et tempora doloremque. Deleniti eius voluptatem labore nihil eius quis officiis.', 802, 7, 17, '2018-07-02 11:00:59', '2018-07-02 11:00:59'),
(26, 'alias', 'Iste corrupti est delectus ut. Suscipit tempore placeat et magnam maxime. Totam omnis quia vero aut cum nihil.', 159, 3, 11, '2018-07-02 11:00:59', '2018-07-02 11:00:59'),
(27, 'labore', 'Aperiam quam et culpa earum dolores facere sed. Quia non suscipit occaecati et numquam. Repudiandae quisquam id eum rerum aut.', 882, 5, 5, '2018-07-02 11:00:59', '2018-07-02 11:00:59'),
(28, 'modi', 'Soluta cumque id rem aut fugiat. Recusandae dignissimos deserunt quas enim delectus quidem aut. Quis debitis quos temporibus id quam.', 254, 1, 26, '2018-07-02 11:00:59', '2018-07-02 11:00:59'),
(29, 'fugiat', 'Vero consequuntur ratione sequi minima omnis numquam. Excepturi tempora omnis est magnam laboriosam. Doloribus consequuntur necessitatibus tenetur minus doloribus accusamus.', 311, 6, 12, '2018-07-02 11:00:59', '2018-07-02 11:00:59'),
(30, 'non', 'Magni voluptates ea vitae rerum. Labore possimus voluptatem dolor assumenda omnis. Sed dolor est aliquid ab commodi et quia saepe. Incidunt eaque vitae dolores fuga.', 460, 9, 22, '2018-07-02 11:00:59', '2018-07-02 11:00:59'),
(31, 'deleniti', 'Quod unde rerum alias ut natus nobis. Provident quas ipsa distinctio adipisci molestias est optio. Excepturi id nihil et suscipit non quod. Accusantium dolorem aut laboriosam.', 438, 4, 4, '2018-07-02 11:00:59', '2018-07-02 11:00:59'),
(32, 'eos', 'Aut repellat vel eos reiciendis. Expedita nulla eos et deserunt praesentium nisi. Excepturi non dolor accusamus magni similique. Voluptatem et magnam saepe soluta hic nesciunt praesentium repellat.', 481, 0, 21, '2018-07-02 11:00:59', '2018-07-02 11:00:59'),
(33, 'placeat', 'Sed porro et sed. Aliquid necessitatibus officiis quia deleniti aut optio quis. Inventore sit eos voluptas et corporis. Sit sed quam enim accusantium nemo ut et.', 161, 3, 10, '2018-07-02 11:00:59', '2018-07-02 11:00:59'),
(34, 'voluptatum', 'Perferendis fugiat dicta necessitatibus dolorem quis. Ullam commodi assumenda ea ipsum. Et et voluptatem voluptatum vel voluptatem non ipsam minus. Expedita dolorem quia autem culpa sint ut.', 397, 1, 16, '2018-07-02 11:00:59', '2018-07-02 11:00:59'),
(35, 'et', 'Et iusto eligendi pariatur beatae. Perspiciatis corrupti reprehenderit error cumque id voluptate iusto. Tenetur et ab dolor esse accusantium iste corporis.', 403, 5, 15, '2018-07-02 11:00:59', '2018-07-02 11:00:59'),
(36, 'officia', 'Sint est velit sit. Odio nisi dolorem consequatur consequatur repellendus labore. Nemo est harum et ipsum nihil nam. Pariatur pariatur voluptas minima rerum quod mollitia fugit. Ipsam eum corrupti velit earum dolore.', 550, 0, 12, '2018-07-02 11:00:59', '2018-07-02 11:00:59'),
(37, 'saepe', 'Ad optio expedita eligendi voluptatem quas omnis. Iusto quibusdam dolor ipsam error ut consequatur distinctio ea. Soluta nostrum et quis.', 817, 2, 2, '2018-07-02 11:00:59', '2018-07-02 11:00:59'),
(38, 'sed', 'Est adipisci et aut voluptatibus quia neque at. Laudantium qui laborum est hic.', 614, 7, 12, '2018-07-02 11:00:59', '2018-07-02 11:00:59'),
(39, 'eveniet', 'Magni voluptatem ducimus repudiandae. Iste blanditiis et natus et. Non ut et natus rerum. Quam explicabo numquam veritatis blanditiis nemo architecto temporibus alias.', 844, 4, 28, '2018-07-02 11:00:59', '2018-07-02 11:00:59'),
(40, 'aut', 'Minima culpa doloremque illum vel. Voluptas veniam ut incidunt labore quo. Et eaque rem dicta vero iusto repellendus.', 211, 7, 24, '2018-07-02 11:00:59', '2018-07-02 11:00:59'),
(41, 'dicta', 'Est aut exercitationem omnis et corrupti quia. Modi sed id reiciendis dicta. Dolores perspiciatis aut odio ipsum. Voluptatem aut sed est.', 288, 9, 13, '2018-07-02 11:00:59', '2018-07-02 11:00:59'),
(42, 'neque', 'Fuga accusamus quas doloribus ratione. Ab eum dolorem odio sapiente sint eligendi. Sunt debitis debitis sint praesentium commodi.', 635, 1, 28, '2018-07-02 11:00:59', '2018-07-02 11:00:59'),
(43, 'repellat', 'Doloremque in corrupti ea eius illum odit. Molestiae dolor dolorem nulla cumque quis cumque velit. Porro ut quisquam sit esse modi. Et iusto corrupti debitis quos blanditiis dolor facilis.', 501, 8, 21, '2018-07-02 11:00:59', '2018-07-02 11:00:59'),
(44, 'laboriosam', 'Eum tempore omnis enim dolor est doloribus voluptatibus. Sit voluptatem eaque soluta omnis non odio et.', 882, 7, 5, '2018-07-02 11:00:59', '2018-07-02 11:00:59'),
(45, 'eos', 'Et minus vitae et optio vel eos. Maiores eum eius eligendi hic quae quia ut. Quasi voluptatem doloremque iste est.', 913, 1, 27, '2018-07-02 11:00:59', '2018-07-02 11:00:59'),
(46, 'occaecati', 'Eum aliquid voluptatibus eum culpa suscipit rem sint. Est voluptatibus repellendus id possimus natus minus quia in. Repellat quis qui numquam quisquam vero dolor aut. Dicta voluptate hic aspernatur hic sapiente.', 641, 9, 5, '2018-07-02 11:00:59', '2018-07-02 11:00:59'),
(47, 'laborum', 'Sed qui laboriosam cupiditate omnis. Enim ut perspiciatis ut deleniti sit doloremque optio. Et sed aliquid ex vel voluptatem et omnis qui. Distinctio dolor velit facere occaecati ut.', 852, 4, 18, '2018-07-02 11:00:59', '2018-07-02 11:00:59'),
(48, 'impedit', 'Quod non voluptatibus labore. Doloremque voluptatem voluptatibus impedit fugiat dolores. Dicta ducimus eos ut aspernatur earum adipisci. Consectetur sint magnam distinctio placeat dolore non sed vitae.', 629, 7, 12, '2018-07-02 11:00:59', '2018-07-02 11:00:59'),
(49, 'illo', 'Nulla odit ut inventore aperiam quibusdam repellendus ipsam. Nesciunt minima laudantium accusantium vel nihil odio doloremque nam. Sint laudantium possimus alias odit autem. Fugiat quo et non natus nobis quaerat error.', 299, 9, 25, '2018-07-02 11:00:59', '2018-07-02 11:00:59'),
(50, 'ea', 'Fuga placeat ullam nemo iusto accusantium. Aut adipisci nemo et quos. Earum quo quae mollitia doloremque culpa culpa.', 998, 6, 27, '2018-07-02 11:00:59', '2018-07-02 11:00:59');

-- --------------------------------------------------------

--
-- Table structure for table `reviews`
--

CREATE TABLE `reviews` (
  `id` int(10) UNSIGNED NOT NULL,
  `product_id` int(10) UNSIGNED NOT NULL,
  `customer` varchar(191) COLLATE utf8mb4_unicode_ci NOT NULL,
  `review` text COLLATE utf8mb4_unicode_ci NOT NULL,
  `star` int(11) NOT NULL,
  `created_at` timestamp NULL DEFAULT NULL,
  `updated_at` timestamp NULL DEFAULT NULL
) ENGINE=InnoDB DEFAULT CHARSET=utf8mb4 COLLATE=utf8mb4_unicode_ci;

--
-- Dumping data for table `reviews`
--

INSERT INTO `reviews` (`id`, `product_id`, `customer`, `review`, `star`, `created_at`, `updated_at`) VALUES
(1, 25, 'Noemie Marvin', 'Beatae autem illo voluptas dolorem suscipit. Atque quidem itaque commodi numquam exercitationem odit. Animi qui consequatur aut tempore dolore architecto optio. Natus dolor qui sint est quia dolores.', 2, '2018-07-02 11:01:00', '2018-07-02 11:01:00'),
(2, 7, 'Jamison Reichert', 'Sequi corrupti voluptates exercitationem quisquam quaerat voluptas molestiae. Laborum inventore accusantium porro enim sunt. Qui quo quasi et dicta architecto ut.', 0, '2018-07-02 11:01:00', '2018-07-02 11:01:00'),
(3, 16, 'Ms. Carmen Goyette Jr.', 'Ipsum consequatur est similique fuga ea facilis consequuntur qui. Voluptatem debitis est nobis itaque qui laudantium. Veritatis accusantium commodi vel voluptatem libero rerum provident aut. Sunt velit sint voluptatem neque iure et.', 1, '2018-07-02 11:01:00', '2018-07-02 11:01:00'),
(4, 9, 'Abbey Schaden', 'Ut est cum provident ipsam. Libero reiciendis praesentium dolore quibusdam beatae voluptatem veniam reiciendis. Soluta inventore veniam delectus.', 2, '2018-07-02 11:01:00', '2018-07-02 11:01:00'),
(5, 17, 'Dr. Bella Kovacek', 'Iusto quidem eius enim doloremque. Corrupti nam error est aliquid. Maiores commodi aut perferendis quibusdam iste ut deleniti iste. Quo qui sequi mollitia unde eos explicabo quo.', 5, '2018-07-02 11:01:00', '2018-07-02 11:01:00'),
(6, 23, 'Aditya Rodriguez', 'Et impedit aut qui velit amet. Aut neque et expedita illum dolorem non harum nulla. Iste et repellat et omnis velit voluptatem maiores.', 3, '2018-07-02 11:01:00', '2018-07-02 11:01:00'),
(7, 39, 'Sydni Macejkovic', 'Quibusdam dolores autem eligendi id. Voluptas laboriosam consectetur et voluptas numquam incidunt. Accusantium quod molestiae iusto animi libero sunt. Quas quia aut non explicabo.', 1, '2018-07-02 11:01:00', '2018-07-02 11:01:00'),
(8, 33, 'Estefania Russel Sr.', 'Nihil et voluptas consequatur deleniti. Aut minima doloribus cupiditate ipsum vero. Soluta dolores quisquam omnis. Optio est unde saepe.', 0, '2018-07-02 11:01:00', '2018-07-02 11:01:00'),
(9, 26, 'Chelsie Brekke', 'Rerum mollitia facilis tempora est voluptatem. Esse officiis explicabo et non est. Repellat incidunt omnis dolores quo illo quia earum.', 5, '2018-07-02 11:01:00', '2018-07-02 11:01:00'),
(10, 27, 'Delfina West', 'Debitis molestias est nam sed. Laudantium harum quia accusamus similique aut ipsa modi.', 4, '2018-07-02 11:01:00', '2018-07-02 11:01:00'),
(11, 21, 'Janiya Berge', 'Natus cumque voluptatem voluptate voluptatem. Aut culpa excepturi voluptate saepe omnis est facilis quidem. Voluptatem consequatur id temporibus suscipit deserunt pariatur est. Voluptatem sint quae omnis cumque id quia.', 5, '2018-07-02 11:01:00', '2018-07-02 11:01:00'),
(12, 41, 'Hyman Rogahn', 'Sit quia tempore possimus ut. Aut non sit illum veniam asperiores provident dolore. Omnis expedita neque tempore commodi sit iure. Cum sed earum rerum et eos.', 4, '2018-07-02 11:01:00', '2018-07-02 11:01:00'),
(13, 13, 'Miss Natalie Toy Jr.', 'Enim quasi omnis vel sint esse aliquid neque. Corporis eum laudantium explicabo nihil harum.', 0, '2018-07-02 11:01:00', '2018-07-02 11:01:00'),
(14, 40, 'Enoch Mann', 'In corporis accusantium illo qui nisi asperiores. Et odio asperiores quia sunt. Repellendus tempore ipsum consequatur culpa vel quo. Qui exercitationem ipsum sed harum.', 4, '2018-07-02 11:01:00', '2018-07-02 11:01:00'),
(15, 45, 'Minerva Schamberger', 'Beatae earum et omnis quidem possimus harum vitae ad. Veritatis qui inventore consequatur aut natus. Ut sunt consectetur aspernatur asperiores quis id.', 4, '2018-07-02 11:01:00', '2018-07-02 11:01:00'),
(16, 26, 'Emely Frami III', 'Numquam eum nesciunt provident optio. Delectus et sunt quod et omnis enim recusandae. Necessitatibus doloribus et est et ratione. Sed et nesciunt voluptatem in.', 2, '2018-07-02 11:01:00', '2018-07-02 11:01:00'),
(17, 38, 'Jody Marvin III', 'Et atque voluptatem labore odit quia ipsum qui. Consequatur autem ducimus ut inventore voluptatem. In nihil quia amet ab qui.', 3, '2018-07-02 11:01:00', '2018-07-02 11:01:00'),
(18, 33, 'Guadalupe McClure', 'Sit enim ut vitae aliquam vitae molestiae. Unde voluptas modi soluta modi. Est aliquid id odit exercitationem fuga. Et dolorem numquam praesentium voluptas tempora nemo.', 2, '2018-07-02 11:01:00', '2018-07-02 11:01:00'),
(19, 26, 'Savanna Barton I', 'Ipsa dolores enim modi laborum molestias rerum incidunt. Ut dolore nihil autem et officia voluptatem ea. Harum totam est occaecati dolores fugit nam assumenda expedita. Et et quo minima.', 0, '2018-07-02 11:01:00', '2018-07-02 11:01:00'),
(20, 46, 'Darrell Lebsack', 'Reprehenderit hic autem soluta et aut ipsum. At quos id et sed. Quae et et ea voluptatibus nemo consequatur.', 4, '2018-07-02 11:01:00', '2018-07-02 11:01:00'),
(21, 3, 'Destany Mann', 'Neque quidem molestiae facere possimus voluptatem. Dolor commodi accusantium impedit qui fugit praesentium voluptatem.', 5, '2018-07-02 11:01:00', '2018-07-02 11:01:00'),
(22, 2, 'Jaida Emard', 'Ut maiores in nihil nihil ad id est. Sit quas necessitatibus iste ipsam. Facere provident qui dolor soluta est architecto architecto suscipit. Aut perspiciatis laborum beatae voluptatibus numquam atque.', 2, '2018-07-02 11:01:00', '2018-07-02 11:01:00'),
(23, 14, 'Shanon Jaskolski II', 'Magnam delectus rerum ut sed nam quae. Dignissimos provident animi voluptates ullam id quia quia.', 3, '2018-07-02 11:01:00', '2018-07-02 11:01:00'),
(24, 47, 'Adela Wyman', 'Doloremque totam omnis quis. Eos accusamus quis molestiae. Omnis dolor saepe et qui.', 1, '2018-07-02 11:01:00', '2018-07-02 11:01:00'),
(25, 13, 'Joannie Gleichner', 'Modi magni consectetur omnis rerum culpa. Voluptatem natus autem reiciendis vel et. Expedita sit error non repellendus laboriosam ipsa dolor.', 3, '2018-07-02 11:01:00', '2018-07-02 11:01:00'),
(26, 4, 'Jena Eichmann', 'Aliquid veniam eligendi id ducimus. Sed molestias nam repellat tenetur eum veniam unde.', 2, '2018-07-02 11:01:00', '2018-07-02 11:01:00'),
(27, 16, 'Prof. Edgar Bosco', 'Eaque vel itaque aut. Est labore omnis quia. Tenetur debitis maiores consequatur ut quisquam optio et. Eius consequatur ad aut reprehenderit non culpa laudantium.', 0, '2018-07-02 11:01:00', '2018-07-02 11:01:00'),
(28, 37, 'Lula Sanford', 'Error eius doloribus nam vel rerum repellat et. Rerum quae dicta doloremque quidem neque iure quo magni. Fugiat provident corporis nam animi corporis blanditiis.', 5, '2018-07-02 11:01:00', '2018-07-02 11:01:00'),
(29, 13, 'Keven Purdy', 'Similique doloribus magnam veritatis quis. Maiores ut voluptatibus a odio eligendi dolore nihil. Et ex id accusantium fuga aliquid. Necessitatibus provident molestiae in et magni ratione.', 1, '2018-07-02 11:01:00', '2018-07-02 11:01:00'),
(30, 32, 'Miss Zula Hudson', 'Odit explicabo aspernatur explicabo voluptates. Et ullam autem numquam adipisci magni. Laboriosam aut quam non quia est sit. Qui necessitatibus ad illum omnis.', 2, '2018-07-02 11:01:00', '2018-07-02 11:01:00'),
(31, 12, 'Erwin Metz', 'Eaque iusto ratione alias illum. Nemo et officia et cupiditate voluptas earum. Dolores repellat at dolorum architecto. Voluptas voluptate non deserunt ut assumenda.', 1, '2018-07-02 11:01:00', '2018-07-02 11:01:00'),
(32, 8, 'Ms. Isabella Hudson DDS', 'Nesciunt natus numquam nesciunt explicabo et labore repellat. Et qui labore veritatis non nulla quibusdam nihil. Sed unde at maiores aspernatur. Ad rerum quaerat fugiat dolorem.', 4, '2018-07-02 11:01:00', '2018-07-02 11:01:00'),
(33, 25, 'Augustine Jones DVM', 'Id voluptas impedit quibusdam et nesciunt sunt molestiae. Deleniti quaerat consequatur saepe saepe beatae ipsa eveniet. Autem est nobis sed delectus ducimus.', 1, '2018-07-02 11:01:00', '2018-07-02 11:01:00'),
(34, 27, 'Mr. Jayden Kuphal', 'Earum corrupti aspernatur consequatur voluptas et sit. Quo optio voluptates dolore quaerat. Dolorem ipsum et odio sapiente.', 0, '2018-07-02 11:01:00', '2018-07-02 11:01:00'),
(35, 19, 'Evangeline Gerlach', 'Molestias debitis ut rerum placeat autem non. Provident accusantium et quis. Consequuntur placeat asperiores rerum quis maxime quia. Et deleniti fugiat nemo rerum ipsam architecto.', 4, '2018-07-02 11:01:00', '2018-07-02 11:01:00'),
(36, 10, 'Mr. Trever Borer Sr.', 'Consectetur laudantium et voluptate libero hic deserunt. Ullam libero sed reiciendis nihil quibusdam. Provident earum rem maiores sed ut.', 1, '2018-07-02 11:01:00', '2018-07-02 11:01:00'),
(37, 26, 'Prof. Darrel West MD', 'Voluptatem repellendus ut alias dolore. Impedit laboriosam minima perspiciatis accusantium inventore et est. Itaque exercitationem veritatis cupiditate necessitatibus molestiae quia velit.', 0, '2018-07-02 11:01:00', '2018-07-02 11:01:00'),
(38, 1, 'Mr. Morgan Kuphal DDS', 'Ab voluptatem ipsa doloremque fugiat voluptatem. Eveniet perspiciatis error delectus vitae. Architecto vero autem similique eius odit at reiciendis distinctio. Id expedita minus harum.', 3, '2018-07-02 11:01:00', '2018-07-02 11:01:00'),
(39, 8, 'Isai Grady V', 'Nesciunt accusantium minima et ipsa quidem sunt ad. Ullam atque consectetur in aut. Eos enim est nihil et natus deserunt eum. Tempora debitis quisquam harum.', 4, '2018-07-02 11:01:00', '2018-07-02 11:01:00'),
(40, 8, 'Prof. Niko Gottlieb', 'Et vel assumenda et omnis distinctio. Consequuntur sed animi laborum. Dolores ut est inventore eveniet voluptas nisi. Ex quidem alias maxime.', 4, '2018-07-02 11:01:00', '2018-07-02 11:01:00'),
(41, 13, 'Leopoldo Reichert', 'Libero enim tenetur aspernatur et consequatur dicta. Dolorem quis impedit natus tenetur praesentium aut. Sed aliquid et odit quis sed deserunt.', 0, '2018-07-02 11:01:00', '2018-07-02 11:01:00'),
(42, 32, 'Jesse Wyman DDS', 'Et quia ipsum ea omnis eos. Animi perspiciatis iusto voluptatem harum tempore minima quia saepe. Consectetur dicta debitis commodi nostrum quos non recusandae. Praesentium delectus maiores recusandae quo consequatur.', 1, '2018-07-02 11:01:00', '2018-07-02 11:01:00'),
(43, 33, 'Joshua Barrows PhD', 'Omnis voluptas nobis consequatur veniam. Et facere expedita odio quas. Sed consequatur dicta autem voluptas sit est et.', 5, '2018-07-02 11:01:00', '2018-07-02 11:01:00'),
(44, 15, 'Bernita McLaughlin', 'Soluta vel consequatur facilis nihil. Nobis praesentium iure consectetur dolore tenetur id cumque non.', 5, '2018-07-02 11:01:00', '2018-07-02 11:01:00'),
(45, 27, 'Martine Murphy', 'Ut quis nihil dolore laudantium et debitis qui. Totam sint esse dignissimos laborum ut. Et eveniet tempora itaque eveniet voluptatem ipsum assumenda omnis. Voluptas sunt corporis voluptatem commodi quaerat.', 4, '2018-07-02 11:01:00', '2018-07-02 11:01:00'),
(46, 12, 'Giovanna O\'Keefe II', 'Quibusdam sed mollitia odio ea sint. Maiores id deserunt repellat aut nostrum et assumenda.', 4, '2018-07-02 11:01:00', '2018-07-02 11:01:00'),
(47, 9, 'Constance Lind', 'Eum qui est et dolores aut debitis earum sed. Facilis vel nesciunt similique qui fuga. Reprehenderit laudantium autem tempore veniam laboriosam corporis.', 2, '2018-07-02 11:01:00', '2018-07-02 11:01:00'),
(48, 20, 'Christophe Daniel', 'Et necessitatibus harum impedit. Consequatur recusandae dignissimos aut doloremque repellendus sint. Et deserunt recusandae modi voluptas atque rem architecto qui. Velit laboriosam impedit saepe nostrum dolores autem.', 4, '2018-07-02 11:01:00', '2018-07-02 11:01:00'),
(49, 38, 'Raven Sawayn DVM', 'Ratione mollitia nihil corrupti tempora saepe at. Sequi quis dolores et aut voluptas. Voluptatem quos nulla nulla recusandae.', 4, '2018-07-02 11:01:00', '2018-07-02 11:01:00'),
(50, 43, 'Prof. Bernadine Okuneva DDS', 'Eum enim numquam sit minus non. Laudantium repudiandae harum voluptatum minus et dolor non. Et ad dicta quisquam qui qui nisi doloribus. Ut dicta harum odio in esse.', 2, '2018-07-02 11:01:00', '2018-07-02 11:01:00'),
(51, 2, 'Samara Runolfsson', 'Dignissimos nihil qui a nostrum. Et impedit non impedit. Perspiciatis nisi expedita aliquid dolor nihil doloremque. Quibusdam accusantium dolorem laborum et at.', 4, '2018-07-02 11:01:00', '2018-07-02 11:01:00'),
(52, 25, 'Mrs. Willie Ortiz', 'Numquam in nostrum numquam voluptatem impedit reprehenderit. Provident possimus recusandae accusamus vel cum odit illo. Commodi dolor voluptas ducimus et quam totam omnis.', 5, '2018-07-02 11:01:00', '2018-07-02 11:01:00'),
(53, 37, 'Roberta Schroeder', 'Molestiae praesentium laudantium et quis. Ut illo officiis aut harum inventore pariatur quisquam occaecati. Ut neque a velit quo consectetur molestias quaerat. Nobis repellendus et magni maiores provident.', 1, '2018-07-02 11:01:00', '2018-07-02 11:01:00'),
(54, 27, 'Aisha Toy I', 'Quaerat voluptatibus tempora harum sit veritatis quisquam magnam earum. Blanditiis veritatis ex temporibus enim. Eligendi numquam dolor non sequi nam. Corporis ut qui dolor sit est corrupti soluta.', 2, '2018-07-02 11:01:00', '2018-07-02 11:01:00'),
(55, 35, 'Chadrick Dare', 'Culpa aut qui voluptas optio. Sed rerum molestiae quae et laboriosam asperiores error. Animi repellat tempora in nostrum animi illum optio.', 1, '2018-07-02 11:01:00', '2018-07-02 11:01:00'),
(56, 2, 'Shania Lind Sr.', 'Dolores eligendi doloribus ullam neque nulla. Sunt cupiditate assumenda quia iusto molestiae. Non voluptas sit voluptas. Incidunt quos fugiat vel accusamus nobis.', 5, '2018-07-02 11:01:00', '2018-07-02 11:01:00'),
(57, 14, 'Mr. Enid Howell', 'Modi quisquam eum consectetur dolores. Dolores magni a quae magnam nisi illo aut. Delectus a eaque aperiam consectetur ut culpa dolore.', 4, '2018-07-02 11:01:00', '2018-07-02 11:01:00'),
(58, 40, 'Rodrigo Bode', 'Voluptatem incidunt sunt eum omnis nisi. Nisi quas sed veritatis occaecati inventore voluptatem in. Vero aut incidunt neque autem.', 1, '2018-07-02 11:01:00', '2018-07-02 11:01:00'),
(59, 2, 'Ms. Carolyne Schulist DDS', 'Ratione maiores temporibus asperiores omnis. Quia atque dolor non amet. Ex facere a sed dolorem et unde qui qui. Itaque voluptatem soluta est expedita omnis deserunt earum.', 5, '2018-07-02 11:01:00', '2018-07-02 11:01:00'),
(60, 16, 'Ezequiel Daugherty III', 'Veniam et labore quo excepturi. Rerum voluptas neque voluptas qui omnis. Nostrum aut sint odio ratione distinctio quo aut. Id ea temporibus architecto et libero et eos.', 1, '2018-07-02 11:01:00', '2018-07-02 11:01:00'),
(61, 36, 'Juston Corwin II', 'Voluptates eos quae et esse commodi nihil sit. Beatae sunt laborum error totam enim asperiores et. Ut consequatur culpa aperiam.', 4, '2018-07-02 11:01:00', '2018-07-02 11:01:00'),
(62, 28, 'Mrs. Alessandra Dare III', 'Voluptates et non suscipit fugiat molestias quaerat. Ut enim quia autem accusamus. Qui neque voluptas id voluptates occaecati. Explicabo voluptatem quia quia ullam corporis veniam et accusantium.', 1, '2018-07-02 11:01:00', '2018-07-02 11:01:00'),
(63, 31, 'Dagmar Keebler', 'Aliquam facilis ullam deserunt blanditiis. Necessitatibus quis at cumque inventore.', 1, '2018-07-02 11:01:00', '2018-07-02 11:01:00'),
(64, 13, 'Maribel Hilpert DVM', 'Optio voluptas repellat aliquid porro quas deleniti. Esse hic ipsum neque porro ut explicabo. Accusantium veniam id soluta eaque et. Sit et voluptatem accusantium sit sint.', 5, '2018-07-02 11:01:00', '2018-07-02 11:01:00'),
(65, 31, 'Remington McDermott', 'Fugit quam repudiandae voluptatum perferendis quidem sed. Natus quis magni eum odio error. Numquam dicta debitis voluptatibus quas aut ab nobis.', 0, '2018-07-02 11:01:00', '2018-07-02 11:01:00'),
(66, 11, 'Orpha Baumbach', 'Esse est autem quibusdam nulla nihil sit nihil. Voluptatem rerum commodi facere voluptas explicabo. Odio est rerum repellat.', 3, '2018-07-02 11:01:00', '2018-07-02 11:01:00'),
(67, 13, 'Sandrine Weimann', 'Sequi odit quo quo. Saepe eveniet ex atque perspiciatis illum qui.', 3, '2018-07-02 11:01:00', '2018-07-02 11:01:00'),
(68, 33, 'Prof. Adolphus Rohan DDS', 'Exercitationem optio doloremque repudiandae ea occaecati qui iste. Pariatur ea perferendis repudiandae. Et pariatur eos ex. Maiores qui voluptatem soluta at.', 1, '2018-07-02 11:01:00', '2018-07-02 11:01:00'),
(69, 20, 'Prof. Elisha Hauck DDS', 'Eveniet alias saepe sed corporis facilis et. Aut perspiciatis voluptas numquam esse non eos vitae alias. Et earum fuga recusandae enim. Voluptatem accusamus vel quibusdam commodi sunt accusamus deleniti.', 3, '2018-07-02 11:01:00', '2018-07-02 11:01:00'),
(70, 17, 'Estel Brakus', 'Ipsa animi consequuntur quas repudiandae. Veniam vel cupiditate aspernatur molestiae accusantium et. Voluptatem reiciendis culpa neque alias consequatur iusto.', 3, '2018-07-02 11:01:00', '2018-07-02 11:01:00'),
(71, 35, 'Richie Conroy', 'Eos voluptatem vel consequuntur dolorem eius autem beatae officiis. A ea porro quisquam provident non quos quia. Et sit nulla natus sint et eaque.', 5, '2018-07-02 11:01:00', '2018-07-02 11:01:00'),
(72, 43, 'Florine Will', 'Maxime qui libero voluptatum doloribus omnis voluptatem consequatur atque. Dolorem aperiam ratione ipsam et. Tempora quos unde beatae ut voluptas libero eaque. Beatae debitis eum consectetur consequatur voluptas.', 0, '2018-07-02 11:01:00', '2018-07-02 11:01:00'),
(73, 37, 'Jerome Corwin', 'Et aut adipisci iste ea voluptas recusandae soluta. Cumque eligendi sed ipsam et. Cumque voluptatibus incidunt asperiores magnam.', 2, '2018-07-02 11:01:00', '2018-07-02 11:01:00'),
(74, 31, 'Jerod Durgan', 'Nobis molestiae magnam ea quo. Aspernatur omnis est nesciunt. Facere enim nostrum debitis.', 3, '2018-07-02 11:01:00', '2018-07-02 11:01:00'),
(75, 49, 'Shakira Frami I', 'Illum culpa nihil est quis reprehenderit ut. Fugiat cum quod eveniet minima at atque commodi provident. Error quam velit enim quia adipisci aliquid saepe.', 2, '2018-07-02 11:01:00', '2018-07-02 11:01:00'),
(76, 20, 'Prof. Mariah Miller', 'Qui dignissimos voluptatem alias. Provident eum voluptatibus nihil consequatur aut. Sit consequuntur mollitia omnis ducimus nulla et. Quaerat corrupti aut non sit qui. Repellendus ipsum voluptate reiciendis dolor adipisci similique.', 2, '2018-07-02 11:01:00', '2018-07-02 11:01:00'),
(77, 43, 'Ava Bartell', 'Doloribus amet dignissimos incidunt quasi ea quasi. Et exercitationem veniam nam soluta sit. Vel id et nisi aut voluptates minima. Ducimus non labore ipsa.', 3, '2018-07-02 11:01:00', '2018-07-02 11:01:00'),
(78, 20, 'Sincere Howe', 'Assumenda occaecati vitae sint quod possimus unde ut. At omnis eveniet velit debitis eius. Quae aspernatur qui est quia suscipit. Praesentium enim reprehenderit aut.', 5, '2018-07-02 11:01:00', '2018-07-02 11:01:00'),
(79, 35, 'Ona Morissette', 'Nihil alias ducimus dolores labore. Dolor animi molestiae consequatur aut qui. Quos qui explicabo molestias vero voluptatum vel.', 3, '2018-07-02 11:01:00', '2018-07-02 11:01:00'),
(80, 14, 'Aryanna Yost', 'Ut autem velit a porro iusto enim tenetur. Nihil eum enim beatae aliquid. Qui ea blanditiis pariatur perspiciatis non. Enim optio aliquid repellendus sit. Deleniti sed libero esse quo quia.', 2, '2018-07-02 11:01:00', '2018-07-02 11:01:00'),
(81, 39, 'Bonita Kessler', 'Atque et assumenda rerum inventore nihil nam et. Exercitationem magni magni esse et quis beatae minima. Est voluptatem corporis voluptas minima blanditiis. Perferendis voluptate eaque et consequuntur non et. Nostrum quos reprehenderit non est deserunt laborum aut.', 5, '2018-07-02 11:01:00', '2018-07-02 11:01:00'),
(82, 40, 'Marcelle Schowalter', 'Ut dolorem quisquam ratione eos in qui. Repellendus consequatur aspernatur illum est consequuntur illum similique. A accusamus sed provident sed.', 0, '2018-07-02 11:01:01', '2018-07-02 11:01:01'),
(83, 25, 'Bailey Deckow', 'Facere a sequi qui perspiciatis. Ut delectus libero itaque quis autem quaerat exercitationem. Nulla ab aliquid sunt est. Consequatur eveniet corrupti neque dolor nulla. Et nobis beatae officia libero.', 3, '2018-07-02 11:01:01', '2018-07-02 11:01:01'),
(84, 45, 'Randall Eichmann Jr.', 'Unde quia tenetur qui dolorum accusamus ab. Expedita explicabo excepturi et reprehenderit velit. Magnam et commodi iste et. Doloribus dignissimos doloremque voluptas dolorem.', 3, '2018-07-02 11:01:01', '2018-07-02 11:01:01'),
(85, 15, 'Ivah Rutherford', 'Magnam corrupti voluptas eligendi eum labore. Architecto quis culpa ad omnis fuga et. Earum alias quibusdam consequatur rem doloribus maiores omnis.', 4, '2018-07-02 11:01:01', '2018-07-02 11:01:01'),
(86, 37, 'Yesenia Welch', 'Placeat accusantium ut debitis est distinctio doloribus praesentium non. Vel distinctio quod aut fugit. Et qui eos dicta autem totam quisquam tenetur blanditiis. Rem repellat consequatur ratione ipsam.', 4, '2018-07-02 11:01:01', '2018-07-02 11:01:01'),
(87, 30, 'Rosina Waelchi', 'Repellendus et est quidem quasi dolorum blanditiis id. Voluptates exercitationem nulla et magni deleniti.', 3, '2018-07-02 11:01:01', '2018-07-02 11:01:01'),
(88, 45, 'Mrs. Idell Bins', 'Saepe officia laudantium ea cumque. Placeat at pariatur pariatur beatae odit perferendis sed aut. Fuga fuga sit et velit id ipsam.', 4, '2018-07-02 11:01:01', '2018-07-02 11:01:01'),
(89, 26, 'Baron Mohr', 'Voluptatibus harum vel sed culpa. Et minus provident nesciunt pariatur quas nisi.', 0, '2018-07-02 11:01:01', '2018-07-02 11:01:01'),
(90, 28, 'Dr. Freeda Heathcote PhD', 'Aut nobis illo nihil voluptas aliquam eveniet laborum. Vero perspiciatis maiores dolorum fuga maiores ut deserunt. Et dolorem nam quo minima sint pariatur. Non suscipit nulla explicabo velit dolor qui amet nisi.', 1, '2018-07-02 11:01:01', '2018-07-02 11:01:01'),
(91, 2, 'Jordan Skiles', 'Explicabo omnis velit rem cumque voluptas expedita atque. Labore exercitationem consequuntur officiis aspernatur veritatis. Omnis nihil itaque inventore et fuga. In ex natus id beatae deleniti sapiente doloremque.', 4, '2018-07-02 11:01:01', '2018-07-02 11:01:01'),
(92, 47, 'Jonatan Langosh', 'At ducimus maxime et impedit omnis. Fugiat perferendis quia hic asperiores ipsum quia eius. Nulla nobis quia et consequatur. Reiciendis nesciunt quis suscipit beatae quis officiis rerum.', 4, '2018-07-02 11:01:01', '2018-07-02 11:01:01'),
(93, 49, 'William Bernhard', 'Beatae necessitatibus voluptates ea natus. Dolor similique dolor molestiae consequatur aliquam error. Velit corporis provident libero facilis dolorem error. Maiores explicabo fugiat aliquid nulla placeat ad iste. Quidem sunt praesentium ullam nisi.', 5, '2018-07-02 11:01:01', '2018-07-02 11:01:01'),
(94, 48, 'Ilene Kunze', 'Atque sed excepturi id veniam similique. Incidunt ab ut repellendus et est vel. Fuga ex molestiae necessitatibus perspiciatis.', 2, '2018-07-02 11:01:01', '2018-07-02 11:01:01'),
(95, 15, 'Prof. Wilburn D\'Amore', 'Adipisci sunt illum amet accusamus doloremque. Consequatur quo mollitia minus. Voluptas odio labore voluptas.', 5, '2018-07-02 11:01:01', '2018-07-02 11:01:01'),
(96, 20, 'Kaitlyn Yost', 'Rerum omnis quia fugiat fugiat corporis a. Laudantium minus pariatur nemo cumque voluptatem magni. Ut alias perspiciatis fugit nam.', 1, '2018-07-02 11:01:01', '2018-07-02 11:01:01'),
(97, 48, 'Gregg McClure V', 'Architecto accusantium aut provident a vero et rerum accusamus. Omnis deserunt enim necessitatibus debitis sapiente tempore est. Atque et fugiat quo. Et sit eaque occaecati sapiente rerum.', 5, '2018-07-02 11:01:01', '2018-07-02 11:01:01'),
(98, 23, 'Anita King II', 'Sint quidem iure soluta voluptates culpa quo. Eaque aut vel ab aut.', 0, '2018-07-02 11:01:01', '2018-07-02 11:01:01'),
(99, 2, 'Jazmyn Kertzmann MD', 'Nemo expedita ea debitis ea sapiente non. Amet sapiente praesentium eaque hic tempore id dignissimos.', 5, '2018-07-02 11:01:01', '2018-07-02 11:01:01'),
(100, 15, 'Stella Little', 'Aliquam id sed et aliquam ut iste. Delectus non illo repudiandae aut deleniti consequuntur repellat accusamus. Autem et consequatur harum. Debitis minus eum voluptates porro molestiae. Voluptatum ut rem ab similique est veritatis soluta doloribus.', 0, '2018-07-02 11:01:01', '2018-07-02 11:01:01'),
(101, 17, 'Mrs. Kacie Gleichner', 'Quae est quo ex debitis. Quia dolorem dolorem libero eum. Accusamus atque iure atque nobis. Sed sapiente culpa cupiditate repudiandae.', 3, '2018-07-02 11:01:01', '2018-07-02 11:01:01'),
(102, 22, 'Dr. Nathan Doyle', 'Odio molestiae rem corporis aut magnam similique amet nam. Magnam quidem odio enim omnis soluta reiciendis. Qui asperiores beatae nostrum alias facere quia labore. Distinctio voluptatem sint sit voluptatem doloribus.', 2, '2018-07-02 11:01:01', '2018-07-02 11:01:01'),
(103, 9, 'Loyce Stanton II', 'Sunt et possimus voluptates dolorem et. Dolorum fugiat architecto quia explicabo vel illum et. Dolorum dolorum ut nulla voluptatem. Vero nihil qui laboriosam enim rem accusantium dolore.', 1, '2018-07-02 11:01:01', '2018-07-02 11:01:01'),
(104, 46, 'Dr. Rahul Keeling', 'Provident omnis aut enim sit. Sit quo sed praesentium ratione voluptas quisquam consequatur. Omnis sit cum aliquid exercitationem quam dolorem.', 1, '2018-07-02 11:01:01', '2018-07-02 11:01:01'),
(105, 2, 'Paxton Jaskolski', 'Eius libero repellat et ea eius. Dolores nulla similique numquam sit et. Suscipit debitis fugit praesentium in consequatur accusantium. Totam officia doloremque aperiam ea est modi voluptatibus in.', 3, '2018-07-02 11:01:01', '2018-07-02 11:01:01'),
(106, 18, 'Demarco Schumm', 'Voluptatem omnis eos ipsa quo rerum. Voluptatem voluptatibus et sunt adipisci autem.', 3, '2018-07-02 11:01:01', '2018-07-02 11:01:01'),
(107, 13, 'Buster Goodwin', 'Sunt sint rerum perspiciatis sit vel eaque inventore eius. Ab maiores quo nostrum suscipit. Sit nobis quisquam libero dolorem illum ex. Placeat nostrum aspernatur laudantium enim.', 1, '2018-07-02 11:01:01', '2018-07-02 11:01:01'),
(108, 26, 'Elvis Bogan III', 'Accusamus ipsa eligendi ducimus sint accusantium occaecati perferendis voluptas. Sequi et dolores incidunt voluptate. Culpa quia deleniti modi suscipit ducimus.', 4, '2018-07-02 11:01:01', '2018-07-02 11:01:01'),
(109, 8, 'Ms. Gabriella Kozey Jr.', 'In quia quis dolorem. Sed accusantium tempora dolores hic. Nam ut voluptatem et saepe autem iste dolorem. Rerum voluptas assumenda incidunt sunt numquam non.', 3, '2018-07-02 11:01:01', '2018-07-02 11:01:01'),
(110, 40, 'Mrs. Noemi Steuber MD', 'Quia sed et aut reprehenderit consequatur qui repellendus. Ipsam dolore beatae ut esse quo. Sint officia unde minus dolorem eaque.', 4, '2018-07-02 11:01:01', '2018-07-02 11:01:01'),
(111, 40, 'Miss Paige Cartwright', 'Quis cupiditate rerum accusantium perferendis accusamus eligendi ea. Incidunt quia sint aperiam recusandae. Nihil doloremque quisquam iste adipisci aut.', 5, '2018-07-02 11:01:01', '2018-07-02 11:01:01'),
(112, 30, 'Rebeca Lindgren', 'Animi nobis et maxime magni. Vel ipsam voluptatibus vitae. Labore voluptatibus dolorum id illo tempore molestiae et.', 0, '2018-07-02 11:01:01', '2018-07-02 11:01:01'),
(113, 36, 'Kailey Rodriguez', 'Fuga blanditiis libero occaecati odio excepturi assumenda eos eos. Quo illo rerum tempore quam vel soluta quod. Voluptate aliquid sint quisquam est reiciendis.', 0, '2018-07-02 11:01:01', '2018-07-02 11:01:01'),
(114, 46, 'Carter Ritchie', 'Voluptatem omnis perspiciatis quia qui accusantium doloremque voluptas. Velit molestiae rerum sit id qui. Et illum quia quis cumque error. In consectetur tenetur et voluptatem dolore dolore non maxime.', 1, '2018-07-02 11:01:01', '2018-07-02 11:01:01'),
(115, 14, 'Fleta Rosenbaum', 'Ut doloremque quas accusantium totam velit magni praesentium odit. Omnis non cumque repellendus et.', 1, '2018-07-02 11:01:01', '2018-07-02 11:01:01'),
(116, 22, 'Francis Hagenes', 'Tempore vero et maxime. Quis et minus repellendus quia vitae dolor id. Fugiat qui amet ducimus.', 3, '2018-07-02 11:01:01', '2018-07-02 11:01:01'),
(117, 31, 'Deangelo Bosco', 'Sit aliquid autem nemo porro error id. Corporis quas quo recusandae dolore. Aut facere praesentium vero velit. Modi accusamus accusantium vel ea nobis non fuga.', 4, '2018-07-02 11:01:01', '2018-07-02 11:01:01'),
(118, 25, 'Ms. Brisa Boyer DDS', 'Iste repellat repellat et reiciendis officiis occaecati aut. Alias voluptatem ab numquam sunt. Fugiat dolore vel non tenetur. Aut ratione odit earum aut aut non eligendi expedita.', 3, '2018-07-02 11:01:01', '2018-07-02 11:01:01'),
(119, 1, 'Dr. Ansel Wintheiser II', 'Et quos nulla nihil id velit. Velit adipisci placeat dolorem rerum nulla. Qui nihil nihil sed delectus id.', 4, '2018-07-02 11:01:01', '2018-07-02 11:01:01'),
(120, 37, 'Roberto Armstrong', 'Soluta nobis aut ut non dolore quia. Inventore quis est quis.', 2, '2018-07-02 11:01:01', '2018-07-02 11:01:01'),
(121, 21, 'Prof. Kaden Reichert', 'Optio asperiores sed perferendis atque. Dolorum fugiat voluptatum qui totam non aut eveniet. Ex eum non sequi omnis.', 4, '2018-07-02 11:01:01', '2018-07-02 11:01:01'),
(122, 10, 'Johnny Wilderman', 'Amet quibusdam voluptatem debitis et non amet. Corporis possimus fuga quam in inventore repellat. Corrupti commodi quaerat laudantium ipsum quia veniam enim.', 4, '2018-07-02 11:01:01', '2018-07-02 11:01:01'),
(123, 35, 'Gaston Marks Sr.', 'Ipsa aliquid sed et quod reiciendis. Exercitationem optio rem et repellendus iste voluptas repellat sit. Eligendi sequi est est ut nobis nisi ut.', 1, '2018-07-02 11:01:01', '2018-07-02 11:01:01'),
(124, 48, 'Kelley Jacobson', 'Aspernatur quia consectetur assumenda sint id excepturi debitis perferendis. Hic quod temporibus quia cupiditate quasi mollitia est. Enim nesciunt corrupti neque non sit est.', 5, '2018-07-02 11:01:01', '2018-07-02 11:01:01'),
(125, 42, 'Llewellyn Stracke', 'Exercitationem eius nihil illo cum est. Eum id quisquam hic aliquam. Recusandae voluptatum est tempora provident. Occaecati ab error ut excepturi saepe dolorum.', 1, '2018-07-02 11:01:01', '2018-07-02 11:01:01'),
(126, 23, 'Brooke Senger', 'Fugiat tempora tenetur incidunt aut omnis. Atque nostrum temporibus quis nisi iure. Non quia delectus voluptas culpa rerum ea laborum et. Autem neque vitae sequi ut sapiente illo.', 0, '2018-07-02 11:01:01', '2018-07-02 11:01:01'),
(127, 45, 'Miss Brittany Sporer', 'Excepturi illo magnam fuga nihil est suscipit eligendi tempore. Sunt facere velit similique ut eius omnis voluptatibus. Ea rerum perspiciatis et fugit fuga. Sunt voluptas quam autem eos quidem blanditiis sed.', 2, '2018-07-02 11:01:01', '2018-07-02 11:01:01'),
(128, 10, 'Karine Stanton', 'A expedita praesentium similique laboriosam quos distinctio perspiciatis. Neque eos magnam ex voluptatibus molestiae sunt dolores. Possimus laudantium corporis harum et pariatur.', 0, '2018-07-02 11:01:01', '2018-07-02 11:01:01'),
(129, 27, 'Cordelia Kihn', 'Officia harum libero aut molestiae aperiam blanditiis illum. Nisi dolore in corporis est. Totam ut iusto ducimus eveniet quaerat autem suscipit unde.', 5, '2018-07-02 11:01:01', '2018-07-02 11:01:01'),
(130, 28, 'Eloisa Dietrich', 'Et quisquam unde dolore unde et velit. Labore et occaecati ipsam unde. Earum qui alias rem ut aperiam velit.', 0, '2018-07-02 11:01:01', '2018-07-02 11:01:01'),
(131, 41, 'Orville Kub', 'Et ut fuga cumque et sed optio placeat. Cumque illo maxime sint expedita assumenda voluptas iste. Eum consequatur dolorem dolorem saepe et. Saepe ut et vel cumque deserunt quia eos.', 0, '2018-07-02 11:01:01', '2018-07-02 11:01:01'),
(132, 40, 'Charlie Mohr', 'Similique laborum quos autem numquam et placeat quia. Aut et excepturi similique dolor aliquid aut. Magnam nihil vero quibusdam est quia perferendis.', 5, '2018-07-02 11:01:01', '2018-07-02 11:01:01'),
(133, 36, 'Elvis Waters DVM', 'Consequatur nemo ipsam qui itaque odit. Molestiae voluptatem id aperiam sint quidem. Voluptatibus quas cupiditate dicta accusamus sint. Voluptatum alias est tenetur consectetur amet iusto harum.', 3, '2018-07-02 11:01:01', '2018-07-02 11:01:01'),
(134, 1, 'Margarita Aufderhar', 'Aut id aliquid corporis nihil. Ut corrupti ut delectus aut libero quasi quo. Excepturi eos aut sed quae ab.', 3, '2018-07-02 11:01:01', '2018-07-02 11:01:01'),
(135, 29, 'Jarod Mann Jr.', 'Eum fugit excepturi quisquam voluptatem dolorem omnis necessitatibus. Rerum et vitae non autem animi. Assumenda soluta ad sit iusto dolorem.', 0, '2018-07-02 11:01:01', '2018-07-02 11:01:01'),
(136, 47, 'Mrs. Krystal Terry', 'Qui est iure quisquam sit voluptas consequatur. Eos eos nisi fuga omnis. Odit similique ipsa et reprehenderit aut consectetur autem. Occaecati eveniet molestiae possimus dolore eum sequi.', 5, '2018-07-02 11:01:01', '2018-07-02 11:01:01'),
(137, 42, 'Esteban Paucek', 'Quam amet mollitia architecto magnam deleniti. Quas eum magnam velit eaque dolor omnis.', 2, '2018-07-02 11:01:01', '2018-07-02 11:01:01'),
(138, 23, 'Mrs. Amelia Renner DVM', 'Ea commodi exercitationem non odio quas. Exercitationem et aspernatur voluptate voluptas aut. Quis qui eius vel unde vel perspiciatis soluta omnis. Velit et ad et voluptatum fugit.', 1, '2018-07-02 11:01:01', '2018-07-02 11:01:01'),
(139, 11, 'Prof. Kaylie Simonis I', 'Veritatis autem voluptatem facilis fugit qui itaque. Aut inventore est sed. Debitis eum velit consequuntur dicta sequi minus et sunt. Est aut minus nisi consequatur a dolorem nostrum.', 2, '2018-07-02 11:01:01', '2018-07-02 11:01:01'),
(140, 3, 'Joaquin Bode MD', 'Provident reprehenderit ut molestias laboriosam voluptatem. Quis sunt autem ut. Modi minus odit eum corrupti. Sapiente similique praesentium dolore natus eum est tempora ea.', 2, '2018-07-02 11:01:01', '2018-07-02 11:01:01'),
(141, 50, 'Laila Ritchie', 'Eligendi voluptas cupiditate culpa perferendis quis. Magnam laborum consectetur aut. Tempora quia dolorem laudantium alias non repellendus sunt.', 5, '2018-07-02 11:01:01', '2018-07-02 11:01:01'),
(142, 31, 'Dr. Gabrielle Kiehn II', 'Aut aliquam cumque nisi. Illum autem esse est ipsum quibusdam doloribus qui. Non et mollitia ipsam deserunt.', 2, '2018-07-02 11:01:01', '2018-07-02 11:01:01'),
(143, 36, 'Veronica Connelly', 'Nemo quia corrupti numquam aut officia repellat repellendus. Sit quidem modi possimus est saepe et aut asperiores. Quas culpa et quia eum distinctio quae.', 3, '2018-07-02 11:01:01', '2018-07-02 11:01:01'),
(144, 40, 'Dr. Mario Schumm DDS', 'Inventore et maiores iste. Sunt est quo quisquam harum. Sit expedita tempora quasi sint dolores quasi tenetur.', 5, '2018-07-02 11:01:01', '2018-07-02 11:01:01'),
(145, 9, 'Eryn Kassulke', 'Placeat ipsam et expedita corrupti possimus et eveniet. Autem itaque nostrum quam rerum laboriosam dolorem veritatis. Ut natus sit eius voluptas repudiandae labore labore. Tenetur occaecati eos quod minima ipsam iusto earum eaque.', 2, '2018-07-02 11:01:01', '2018-07-02 11:01:01'),
(146, 24, 'Dr. Aiden McClure III', 'Voluptates libero sit nihil ut. Facilis quo eum neque cum beatae vel quos autem. Laborum maiores reiciendis iusto accusantium soluta accusamus. Non corporis molestiae in qui qui.', 2, '2018-07-02 11:01:01', '2018-07-02 11:01:01'),
(147, 38, 'Letha Zulauf', 'Nihil fugiat quia voluptates et saepe est eveniet. Nihil deserunt voluptas est sint ad. Explicabo velit velit debitis autem et aperiam laborum.', 4, '2018-07-02 11:01:01', '2018-07-02 11:01:01'),
(148, 45, 'Dr. Lew Pouros DVM', 'Et illo dolorem non sed eius ut. Culpa qui rerum totam delectus itaque ab ut illo. Veniam eos minima voluptatem. Reprehenderit consequatur cupiditate quia sint est distinctio.', 1, '2018-07-02 11:01:01', '2018-07-02 11:01:01'),
(149, 1, 'Miss Hertha Stiedemann DDS', 'Qui eos incidunt consequatur corporis corrupti. Laudantium non maxime hic sit alias corporis ut. Repellendus eos dolorum labore asperiores.', 1, '2018-07-02 11:01:01', '2018-07-02 11:01:01'),
(150, 27, 'Marjolaine Hyatt', 'Eos officiis at earum repellendus veniam blanditiis. Ducimus porro nesciunt voluptate assumenda optio et dolor. Accusamus sint quae velit quisquam natus optio architecto. Tenetur veniam voluptas dolorem. Sunt in sunt harum non corrupti laboriosam ut.', 5, '2018-07-02 11:01:01', '2018-07-02 11:01:01'),
(151, 13, 'Alvina Dickens', 'Officiis dolor autem rerum et minus est qui. Error temporibus delectus ipsam laboriosam dolores distinctio. Ipsa autem ut impedit blanditiis quo quo ut.', 1, '2018-07-02 11:01:01', '2018-07-02 11:01:01'),
(152, 18, 'Prof. Sammy Runolfsdottir', 'Nihil qui et vero. Eum velit sed et qui labore hic omnis. Sed voluptatum ipsam voluptas voluptatem nobis. Molestiae magni ut dolorum consequatur. Sit excepturi quo deleniti eos ut.', 0, '2018-07-02 11:01:01', '2018-07-02 11:01:01'),
(153, 43, 'Dr. Hershel Kassulke PhD', 'Ea praesentium quasi a culpa. Corporis harum quisquam a error eligendi nemo omnis. Nostrum officiis aut placeat ad ut consectetur quo. Iste quisquam necessitatibus maiores natus veniam.', 0, '2018-07-02 11:01:01', '2018-07-02 11:01:01'),
(154, 50, 'Chanel Altenwerth', 'Quod qui corporis omnis et. Voluptas ratione rerum maxime sint nihil nisi ut velit. Alias quia magnam fugiat rerum necessitatibus sapiente earum. Ad voluptas omnis est alias id tempora. Dolor voluptatem est voluptatem aperiam deleniti.', 3, '2018-07-02 11:01:01', '2018-07-02 11:01:01'),
(155, 22, 'Rhiannon Sanford', 'Quia excepturi ad fuga provident. Eum culpa facere vitae earum similique ab. Sint qui et optio est. Aut ipsa in doloribus rerum.', 2, '2018-07-02 11:01:01', '2018-07-02 11:01:01'),
(156, 4, 'Veda Kihn', 'Eaque hic ipsam voluptates asperiores distinctio occaecati. Autem debitis doloremque architecto quia. Reiciendis dolore cupiditate nemo incidunt omnis. Quo odit ea qui ad nihil enim.', 4, '2018-07-02 11:01:01', '2018-07-02 11:01:01'),
(157, 49, 'Rudy Daugherty MD', 'Dicta amet distinctio sed quisquam nulla reiciendis. Cupiditate et repudiandae sit iure blanditiis. Temporibus corporis enim ipsam sit id animi natus cumque. Et doloremque consectetur magni eligendi fuga sunt et amet.', 4, '2018-07-02 11:01:01', '2018-07-02 11:01:01'),
(158, 14, 'Brant Heathcote PhD', 'Esse in perspiciatis quas dolorem sapiente minus quia. Iure non est eos ea iusto sit optio earum.', 2, '2018-07-02 11:01:01', '2018-07-02 11:01:01'),
(159, 46, 'Miss Emma Fritsch', 'Tempore quia sint sunt. Soluta porro totam quo porro libero ad iste. Rem qui sit voluptate sit.', 4, '2018-07-02 11:01:01', '2018-07-02 11:01:01'),
(160, 50, 'Mr. Monserrate Mayert', 'Error est quaerat debitis quis. Quia porro enim in omnis. Necessitatibus vel veniam blanditiis voluptatem.', 5, '2018-07-02 11:01:01', '2018-07-02 11:01:01'),
(161, 6, 'Cary Torphy', 'Aliquid excepturi mollitia commodi iste placeat. Est omnis blanditiis corporis optio ea fuga ad. Quia enim eius et rem ut blanditiis omnis.', 1, '2018-07-02 11:01:01', '2018-07-02 11:01:01'),
(162, 48, 'Georgette VonRueden PhD', 'Aut consequatur rerum sequi praesentium sed eveniet. Error quae error in et. Ex rem voluptas aut est explicabo autem.', 3, '2018-07-02 11:01:01', '2018-07-02 11:01:01'),
(163, 14, 'Dr. Weldon Bernier PhD', 'Doloribus qui nostrum est nesciunt. Porro reiciendis occaecati molestiae ut magni.', 5, '2018-07-02 11:01:01', '2018-07-02 11:01:01'),
(164, 42, 'Prof. Citlalli Ebert', 'Eos veniam alias maiores harum asperiores minus. Non ipsa necessitatibus ex est velit et atque velit. Cupiditate aut vel eius nesciunt illo nemo.', 2, '2018-07-02 11:01:01', '2018-07-02 11:01:01'),
(165, 31, 'Colton Maggio', 'Illum explicabo ipsa fugit. Quo ab dolor enim ex autem. Sunt explicabo quae unde magni et qui error quisquam. Nesciunt recusandae itaque suscipit. Molestiae voluptatem et corrupti inventore explicabo autem.', 2, '2018-07-02 11:01:01', '2018-07-02 11:01:01'),
(166, 21, 'Miss Nova Turcotte DDS', 'Perferendis porro sit eum exercitationem deleniti. Omnis asperiores accusantium culpa qui voluptatem non. Sit earum sunt minima voluptatum aut incidunt.', 2, '2018-07-02 11:01:01', '2018-07-02 11:01:01'),
(167, 4, 'Alexanne Runolfsdottir', 'Et voluptate voluptas occaecati possimus aut et. Sint illum odio qui vero voluptatem. Qui in ducimus maiores et.', 2, '2018-07-02 11:01:01', '2018-07-02 11:01:01'),
(168, 44, 'Amari McCullough', 'Ratione sed eos reiciendis aut. Fugit nam voluptatem aspernatur eum. Voluptas voluptatem ab voluptas mollitia. Saepe ex illum architecto aut et sit sit. Voluptas rerum suscipit maxime reiciendis.', 5, '2018-07-02 11:01:01', '2018-07-02 11:01:01'),
(169, 14, 'Dena Kozey', 'Reiciendis est ipsa consequatur repellat voluptatem incidunt. Cum est alias ducimus ducimus placeat aut. Et et laboriosam voluptatem eum rem consequatur non cumque. Aspernatur eaque aut autem neque aperiam qui.', 4, '2018-07-02 11:01:01', '2018-07-02 11:01:01'),
(170, 14, 'Sarah Huel', 'Nulla omnis sapiente reprehenderit temporibus sint aut vitae. Voluptas dolore sit facilis impedit repellendus aut. Non voluptas reiciendis rerum voluptatem aliquam et tempore sequi.', 2, '2018-07-02 11:01:01', '2018-07-02 11:01:01'),
(171, 5, 'Bianka Oberbrunner', 'In beatae quasi quibusdam earum qui unde. Minima eligendi iste consequatur. Ducimus nulla hic et necessitatibus cupiditate ut.', 1, '2018-07-02 11:01:01', '2018-07-02 11:01:01'),
(172, 39, 'Mr. Lourdes Schinner', 'Et nobis sit quia velit enim facere. Eos nemo in aut culpa magni itaque omnis. Qui hic numquam occaecati velit quam eligendi. Inventore delectus earum doloribus ut.', 3, '2018-07-02 11:01:01', '2018-07-02 11:01:01'),
(173, 44, 'Zack Gleichner I', 'Ea mollitia eum id labore libero impedit quam. Quis iusto eveniet reiciendis qui sunt qui. Dolorem maiores repellendus distinctio.', 5, '2018-07-02 11:01:01', '2018-07-02 11:01:01'),
(174, 38, 'Dr. Marian Ondricka', 'Ullam id qui iusto quo quis. Asperiores dicta ad aut. Dolores non et in et. Molestiae sint architecto aperiam beatae ducimus veritatis.', 4, '2018-07-02 11:01:01', '2018-07-02 11:01:01'),
(175, 27, 'Pearlie Beatty', 'Adipisci ut exercitationem impedit autem molestiae aut. Cumque porro dolores in quia natus. Non voluptas quo vitae fuga voluptatem. Pariatur architecto sed veniam qui rerum quas vitae eos.', 2, '2018-07-02 11:01:01', '2018-07-02 11:01:01'),
(176, 13, 'Ms. Sonya Gulgowski', 'Possimus nesciunt reiciendis dolorum rerum est. Quam ut sint id veritatis culpa ipsum impedit illo. At unde mollitia amet ea ad.', 2, '2018-07-02 11:01:01', '2018-07-02 11:01:01'),
(177, 14, 'Ms. Katelynn Muller I', 'Facere minus repellat iure magni. Quod voluptatibus in consequatur magni sint inventore commodi iure.', 1, '2018-07-02 11:01:01', '2018-07-02 11:01:01'),
(178, 3, 'Tristian Cummings Jr.', 'Amet praesentium sapiente nemo nisi cumque. Facilis atque deserunt molestias id necessitatibus quos. Autem perferendis cupiditate et libero praesentium.', 0, '2018-07-02 11:01:01', '2018-07-02 11:01:01'),
(179, 50, 'Kayli Heller V', 'Voluptatem ratione quis enim. Alias asperiores quasi aperiam magni. Facilis esse ratione et ducimus excepturi. Alias quia in neque eos.', 4, '2018-07-02 11:01:01', '2018-07-02 11:01:01'),
(180, 12, 'Julianne Powlowski', 'Et numquam autem et reiciendis consectetur. Et iusto ex soluta dignissimos reiciendis at officiis alias. Expedita qui atque neque non incidunt ut.', 5, '2018-07-02 11:01:01', '2018-07-02 11:01:01'),
(181, 24, 'Ms. Madonna Rolfson DDS', 'Exercitationem hic debitis omnis aliquid. Modi totam sit dolorem numquam commodi quisquam explicabo.', 0, '2018-07-02 11:01:01', '2018-07-02 11:01:01'),
(182, 37, 'Dr. Karina Brekke Sr.', 'Tempora ut sit et aut et sed. Fugit qui nesciunt quia consequatur voluptatibus in.', 1, '2018-07-02 11:01:01', '2018-07-02 11:01:01'),
(183, 45, 'Dr. Colby Schmitt', 'Saepe sed perferendis consequatur nisi quidem sed. Eius ut fugit voluptatem quia velit aut. Nihil corporis asperiores numquam enim non.', 3, '2018-07-02 11:01:01', '2018-07-02 11:01:01'),
(184, 42, 'Ms. Maudie Kassulke Jr.', 'Molestias est atque voluptatem dolores quia ratione. Non sit et asperiores necessitatibus doloremque similique. Ullam non est et praesentium mollitia. Est ipsum illum pariatur autem.', 1, '2018-07-02 11:01:01', '2018-07-02 11:01:01'),
(185, 8, 'Anna Spencer Sr.', 'Sunt praesentium recusandae rem repellendus. Harum nobis perferendis omnis nesciunt accusamus qui. Et laborum sunt earum quisquam animi non animi est. Enim et possimus quo enim vitae.', 4, '2018-07-02 11:01:01', '2018-07-02 11:01:01'),
(186, 33, 'Kayden Auer', 'Dicta sit eaque eligendi iure commodi. Maiores ut reiciendis aperiam totam qui velit. Quisquam culpa maiores in odit. Laudantium non omnis consectetur ex est.', 0, '2018-07-02 11:01:01', '2018-07-02 11:01:01'),
(187, 3, 'Lily Cassin', 'In harum suscipit incidunt nisi est ullam. Ex sunt nihil laudantium perspiciatis. Nulla vel nemo reprehenderit voluptas officiis voluptatibus.', 1, '2018-07-02 11:01:01', '2018-07-02 11:01:01'),
(188, 7, 'Freeda Bartoletti', 'Ut harum et quibusdam saepe rerum reprehenderit perspiciatis non. Rem sapiente blanditiis reiciendis. Atque est laborum magnam expedita. Aliquam dolore eaque veritatis asperiores pariatur. Quod placeat quia eos illo ducimus quaerat aut.', 0, '2018-07-02 11:01:01', '2018-07-02 11:01:01'),
(189, 26, 'Miss Angelita Fay', 'Nisi facilis velit et suscipit dolorem id nam. Consequuntur odio quia quibusdam blanditiis quidem reprehenderit consectetur. Laborum omnis expedita laboriosam sunt repellat. Est quaerat placeat sed eos alias quia repudiandae. Voluptates aut non dolor non et culpa.', 3, '2018-07-02 11:01:01', '2018-07-02 11:01:01'),
(190, 45, 'Sierra Bruen Jr.', 'Quia dolores esse voluptatibus ea facere quam ut omnis. Sunt voluptate eos placeat et. Maiores voluptatem hic iste tempore autem.', 1, '2018-07-02 11:01:01', '2018-07-02 11:01:01'),
(191, 26, 'Colin Davis', 'Dolor qui sunt quia. Deserunt est eius esse sequi quidem possimus. Earum illum pariatur iusto necessitatibus modi dolorum sed qui. Enim et eos et quos voluptate iure porro ad.', 4, '2018-07-02 11:01:01', '2018-07-02 11:01:01'),
(192, 27, 'Joanne Gleichner Jr.', 'Numquam voluptatum fuga aut sed. Aut qui quasi voluptate pariatur. Quia voluptatem eos ipsum rerum labore voluptatem.', 4, '2018-07-02 11:01:01', '2018-07-02 11:01:01'),
(193, 12, 'Cesar Wiegand', 'Ducimus ad nihil dolor cumque repudiandae quos. Et quia modi consequuntur vel voluptates est. Est aspernatur officiis eaque voluptatem odio doloribus.', 2, '2018-07-02 11:01:01', '2018-07-02 11:01:01'),
(194, 32, 'Mr. Eli Streich', 'Eveniet autem velit numquam voluptatem omnis. Qui fugit quis omnis aut.', 2, '2018-07-02 11:01:01', '2018-07-02 11:01:01'),
(195, 43, 'Trisha Gorczany II', 'Eveniet quas incidunt est iste incidunt. Adipisci optio sed amet vitae dolorem soluta minus. Hic neque autem aliquid dolores aut. Inventore et aut incidunt atque est quas quia architecto.', 4, '2018-07-02 11:01:01', '2018-07-02 11:01:01'),
(196, 21, 'Electa Kirlin', 'Nostrum rerum natus fugit enim harum. Voluptatem expedita et sapiente sit voluptate assumenda. Quasi est voluptas aut ducimus modi. Fugiat consequuntur et ipsam voluptate.', 0, '2018-07-02 11:01:01', '2018-07-02 11:01:01'),
(197, 42, 'Cordie Larkin', 'Aperiam neque quod incidunt ut ipsum. Aut quam suscipit doloremque corrupti rerum non sed. Quaerat non nam saepe qui ab ducimus.', 1, '2018-07-02 11:01:01', '2018-07-02 11:01:01'),
(198, 50, 'Mr. Guiseppe Gottlieb III', 'Ut ea et aut facere doloremque placeat perspiciatis et. Est nihil provident quibusdam explicabo qui. Delectus sit repudiandae quo sunt. Voluptas harum neque explicabo.', 5, '2018-07-02 11:01:01', '2018-07-02 11:01:01'),
(199, 48, 'Mae Blanda', 'Repudiandae voluptatibus error sunt explicabo accusantium rem. Odio ut esse aut eveniet. Rerum voluptatibus facilis expedita corrupti ipsum et. Minima aliquam sunt sapiente non modi.', 4, '2018-07-02 11:01:01', '2018-07-02 11:01:01'),
(200, 31, 'Sadie Tillman', 'Qui animi odio autem maxime tempore eos et. Et ipsa earum id et ullam rem. Perferendis molestiae illum et qui. Atque numquam odit placeat cupiditate omnis.', 4, '2018-07-02 11:01:01', '2018-07-02 11:01:01'),
(201, 42, 'Gideon Emmerich', 'Et dicta est sed quia. Soluta ad eum iure qui. Aliquam modi quae officia aperiam veritatis commodi. Facere excepturi reiciendis culpa odio.', 0, '2018-07-02 11:01:01', '2018-07-02 11:01:01'),
(202, 4, 'Raina Hegmann', 'Nemo quas dolorum eveniet sequi deleniti quidem cum voluptates. Praesentium quos consequatur laborum sed. Odit neque culpa qui reiciendis.', 3, '2018-07-02 11:01:01', '2018-07-02 11:01:01'),
(203, 6, 'Benton Dibbert', 'Ea molestiae deserunt provident necessitatibus doloremque qui. Dignissimos non impedit aut rerum magnam. Vel consectetur vel impedit inventore laborum asperiores.', 5, '2018-07-02 11:01:01', '2018-07-02 11:01:01'),
(204, 18, 'Mr. Ismael Pfeffer', 'Ad id eveniet labore quo est maiores. Velit maiores est inventore culpa numquam voluptates et soluta. Qui vitae qui optio laudantium nemo recusandae quas.', 4, '2018-07-02 11:01:01', '2018-07-02 11:01:01'),
(205, 26, 'Reinhold Pfeffer', 'Illum assumenda debitis excepturi rerum totam ut eveniet nulla. Et est facere odio in. Architecto nihil voluptatem est omnis ad nemo. Magni est itaque dignissimos.', 4, '2018-07-02 11:01:01', '2018-07-02 11:01:01'),
(206, 45, 'Lindsey Barrows', 'Odit reiciendis qui magnam architecto nihil. Optio sapiente molestiae ut dolores. Voluptatem tempora reprehenderit voluptas culpa est et.', 3, '2018-07-02 11:01:01', '2018-07-02 11:01:01'),
(207, 7, 'Adella Bins', 'Alias repudiandae quod aut est perferendis voluptatem. Repellat et iusto recusandae aut ipsum dolores rerum. Voluptas voluptas consectetur eaque voluptas reiciendis. Enim et recusandae possimus nisi doloribus harum.', 2, '2018-07-02 11:01:01', '2018-07-02 11:01:01'),
(208, 32, 'Dr. Georgette Cronin', 'Quis dolor voluptas sunt labore quaerat. Quis ex occaecati fugiat eos vel qui. Quos quaerat sit et magni et neque molestiae.', 2, '2018-07-02 11:01:01', '2018-07-02 11:01:01'),
(209, 47, 'Mr. Scot Hyatt II', 'Nemo et architecto et non fugit. Sint omnis eveniet voluptatem.', 3, '2018-07-02 11:01:01', '2018-07-02 11:01:01'),
(210, 48, 'Tyreek Donnelly', 'Est atque quis dolorem officiis. Maxime quia repellat reprehenderit officiis aliquam assumenda perferendis. Ex animi ut aut veritatis. Commodi ut dolores ut. Reprehenderit magnam temporibus maxime iusto facilis non vel.', 5, '2018-07-02 11:01:01', '2018-07-02 11:01:01'),
(211, 11, 'Prof. Jonathan Hirthe', 'Sit et ducimus consequatur veniam sit. Ut saepe non fuga reiciendis voluptate vitae. Provident mollitia velit vitae reprehenderit.', 2, '2018-07-02 11:01:01', '2018-07-02 11:01:01');
INSERT INTO `reviews` (`id`, `product_id`, `customer`, `review`, `star`, `created_at`, `updated_at`) VALUES
(212, 33, 'Tiara Funk', 'Adipisci architecto necessitatibus molestias eaque et dolor. Commodi in et et delectus impedit magnam. Molestiae porro laudantium repellat et rerum.', 1, '2018-07-02 11:01:01', '2018-07-02 11:01:01'),
(213, 4, 'Burley Skiles', 'Fugit eum atque nihil temporibus optio aperiam sint. Rerum necessitatibus cupiditate suscipit placeat. Quis consectetur enim ducimus rem.', 1, '2018-07-02 11:01:01', '2018-07-02 11:01:01'),
(214, 45, 'Luigi Keeling', 'Maiores facere autem velit in nisi consequatur rerum sint. Placeat dolorum tenetur quas officiis vel. Iure reiciendis et qui eum. Et eius impedit eius qui maxime fuga blanditiis.', 3, '2018-07-02 11:01:01', '2018-07-02 11:01:01'),
(215, 44, 'Cleta Lang', 'Earum et cumque doloremque. Quos aut ut maiores autem. Placeat aut ea ipsam ut quibusdam. Quod quia fugiat corporis dolore.', 5, '2018-07-02 11:01:01', '2018-07-02 11:01:01'),
(216, 40, 'Frank Kreiger', 'Est in maiores qui rerum nisi. Expedita illo tempore nobis qui. Ea quis voluptatem consequatur qui.', 4, '2018-07-02 11:01:01', '2018-07-02 11:01:01'),
(217, 13, 'Dr. Vincenzo Conroy DVM', 'Autem quam quia praesentium vel non ut. Sit temporibus omnis dolores sit explicabo hic ullam non. Nesciunt tempora culpa ut ut omnis expedita sequi.', 2, '2018-07-02 11:01:01', '2018-07-02 11:01:01'),
(218, 3, 'Frederique Bailey', 'Laborum tenetur cupiditate recusandae voluptates assumenda ipsa. Ut blanditiis ut fugiat quisquam. Nisi doloremque quis fugit itaque. Iusto reiciendis eius consequuntur voluptas amet quia.', 5, '2018-07-02 11:01:01', '2018-07-02 11:01:01'),
(219, 28, 'Peyton Boehm', 'Voluptatem id nostrum tenetur qui explicabo. Hic error quo eum culpa vel doloremque. Tenetur suscipit sint explicabo dolorem.', 2, '2018-07-02 11:01:01', '2018-07-02 11:01:01'),
(220, 29, 'Ryann Zieme', 'Molestiae nihil vero autem quod suscipit sint accusamus. Quibusdam et et consequatur laboriosam dignissimos at saepe. Ipsa dignissimos nihil ut necessitatibus repellendus nam ipsa. Quae et natus exercitationem et molestiae.', 0, '2018-07-02 11:01:01', '2018-07-02 11:01:01'),
(221, 1, 'Heather Schulist I', 'Quia nisi enim fugit illum qui eos. Omnis ipsam consequatur ullam est voluptatem dolores. Eaque aut dolorem et quae dolor.', 0, '2018-07-02 11:01:01', '2018-07-02 11:01:01'),
(222, 34, 'Mr. Clemens Jerde DDS', 'Voluptatem dolores aperiam illo quia. Sed temporibus et et atque temporibus minima corporis. Architecto ducimus earum deserunt ipsum in dignissimos.', 2, '2018-07-02 11:01:01', '2018-07-02 11:01:01'),
(223, 50, 'Mariela O\'Conner', 'Quaerat voluptatem molestiae assumenda quae. Hic et velit rerum voluptas rerum sapiente deserunt praesentium. Vitae molestiae et perferendis explicabo voluptatum ipsa culpa. Et sit eveniet modi odio perspiciatis quia eum.', 2, '2018-07-02 11:01:01', '2018-07-02 11:01:01'),
(224, 30, 'Dr. Alaina Medhurst', 'Numquam quidem ab inventore tempore enim iusto. Nobis aut laudantium est expedita voluptatibus. Non et aut eveniet necessitatibus. Itaque ut qui illum quisquam laudantium veritatis officia.', 3, '2018-07-02 11:01:01', '2018-07-02 11:01:01'),
(225, 47, 'Dr. Pearlie Sanford', 'Blanditiis aliquam ea necessitatibus. Cum ratione consectetur et. Vero itaque quo dolore incidunt enim libero qui.', 4, '2018-07-02 11:01:01', '2018-07-02 11:01:01'),
(226, 13, 'Cielo Walker', 'Quisquam id fuga sit architecto magni tempora. Ut voluptate iusto nisi. Exercitationem officiis quas facilis libero inventore provident.', 2, '2018-07-02 11:01:01', '2018-07-02 11:01:01'),
(227, 31, 'Naomi Runte', 'Sed ducimus nisi maiores aut quia est ea iste. Excepturi voluptatem maxime enim quisquam veritatis occaecati consequatur. Ipsa ut dicta aut est saepe ut non.', 5, '2018-07-02 11:01:01', '2018-07-02 11:01:01'),
(228, 49, 'Bryana Auer', 'In sapiente pariatur deserunt adipisci doloremque sequi et. Placeat quia necessitatibus voluptatem sed fugit quam voluptatem incidunt. Id vel dicta quas nisi. Explicabo quaerat recusandae nihil praesentium.', 1, '2018-07-02 11:01:01', '2018-07-02 11:01:01'),
(229, 40, 'Fanny West', 'Deserunt sint dolorem provident ut perspiciatis tempore nihil dolore. Qui iste in sint consequatur unde. Eaque similique et sed harum. Harum sunt aliquam vel.', 3, '2018-07-02 11:01:01', '2018-07-02 11:01:01'),
(230, 1, 'Watson Dach', 'Non quaerat repellat quaerat accusamus modi corrupti autem neque. Animi quo nihil esse amet quasi. Facilis est dolorum non provident. Quo possimus aspernatur aut.', 2, '2018-07-02 11:01:01', '2018-07-02 11:01:01'),
(231, 31, 'Lauryn Bradtke', 'Nam modi delectus laboriosam maxime porro autem id sunt. Ipsam nobis voluptatibus omnis sed fugit corrupti reprehenderit. Similique dolorem consequatur quod nemo ex mollitia. Non non non qui dicta. Architecto ipsa animi quae est.', 4, '2018-07-02 11:01:01', '2018-07-02 11:01:01'),
(232, 5, 'Therese Beier', 'Possimus aut qui non iusto nihil sed. Aut eius error cupiditate saepe eum deserunt. Enim voluptas soluta provident velit nesciunt sunt. Enim soluta nam voluptatibus corrupti.', 1, '2018-07-02 11:01:01', '2018-07-02 11:01:01'),
(233, 28, 'Carlotta Kris', 'Suscipit aliquid similique dignissimos iste enim consequatur velit a. Ullam mollitia sit illo accusamus. Molestiae provident et debitis qui eum nihil corporis soluta.', 4, '2018-07-02 11:01:01', '2018-07-02 11:01:01'),
(234, 32, 'Violet Konopelski MD', 'Consequatur voluptatem omnis iusto fuga reprehenderit. Esse dolor laboriosam delectus autem reiciendis error. Aut deleniti soluta occaecati ut. Sed quae aperiam est placeat maiores eos.', 4, '2018-07-02 11:01:01', '2018-07-02 11:01:01'),
(235, 42, 'Keaton Borer', 'Harum impedit repellat omnis iure minus minima. Consectetur consectetur harum perferendis aut qui officiis. Velit eligendi dolores ea repudiandae aliquid sed saepe.', 2, '2018-07-02 11:01:01', '2018-07-02 11:01:01'),
(236, 7, 'Callie Jacobson', 'Debitis ut dolore impedit tenetur provident. Est sed est quidem dolores occaecati in voluptatem ea. Ullam fugit veritatis id ratione molestiae minus.', 1, '2018-07-02 11:01:01', '2018-07-02 11:01:01'),
(237, 43, 'Ardith Ferry', 'Et et non rem iste velit non. Sit doloribus error aperiam sed voluptas suscipit. Illo et voluptatem dolore voluptatem.', 3, '2018-07-02 11:01:01', '2018-07-02 11:01:01'),
(238, 10, 'Ernie Murphy', 'Aut et voluptas perspiciatis voluptatem autem. Dignissimos natus provident veniam et quasi sunt. Odit harum et sunt.', 2, '2018-07-02 11:01:01', '2018-07-02 11:01:01'),
(239, 40, 'Tracy Donnelly', 'Dolore atque consequatur voluptate consequatur. Enim est commodi facilis iure qui ut repellendus. Dolorem suscipit qui debitis non ullam nihil qui.', 3, '2018-07-02 11:01:01', '2018-07-02 11:01:01'),
(240, 41, 'Dr. Keenan Mayer', 'Blanditiis pariatur animi molestiae dolorem laudantium consequatur cumque rem. Aut modi inventore quia debitis sunt dicta consectetur praesentium. Molestiae nemo sunt nihil sed eligendi et.', 4, '2018-07-02 11:01:01', '2018-07-02 11:01:01'),
(241, 26, 'Adriel Ortiz', 'Iste labore est eligendi eos sequi. Placeat exercitationem non ex sunt praesentium culpa. Molestiae excepturi nesciunt amet voluptas maiores eligendi. Dolorem omnis adipisci odit ipsa nihil ut commodi.', 4, '2018-07-02 11:01:01', '2018-07-02 11:01:01'),
(242, 35, 'Mr. Moses Ankunding III', 'Ut facere ducimus inventore voluptatem. Unde et quae non dolorum veniam nulla sint velit. Quo unde eos quia nemo numquam. Esse fuga est quas dolores et repellat consequuntur.', 0, '2018-07-02 11:01:01', '2018-07-02 11:01:01'),
(243, 30, 'Letitia Morar', 'Et corporis molestiae magni molestiae ut. Esse qui quae qui sunt ut fugiat molestiae. Commodi laudantium nulla quos neque dolorem tempora. Excepturi est suscipit non alias exercitationem nisi.', 0, '2018-07-02 11:01:01', '2018-07-02 11:01:01'),
(244, 38, 'Prof. Raphaelle Mitchell', 'Tempora ducimus voluptatem ut autem mollitia repudiandae. Aut libero quis ratione mollitia doloremque voluptatibus. Qui quis impedit sunt natus ullam dolores quisquam. Quos non numquam harum pariatur qui molestiae.', 0, '2018-07-02 11:01:01', '2018-07-02 11:01:01'),
(245, 40, 'Jalon Crona III', 'Qui tempore sunt sed delectus dolore consequatur optio. Eos et veniam quaerat et pariatur hic odio tempore. Qui voluptas voluptas sed aut. In dignissimos molestiae velit autem laboriosam incidunt. Rerum commodi ut sit aut voluptas.', 4, '2018-07-02 11:01:01', '2018-07-02 11:01:01'),
(246, 40, 'Florine Zieme', 'Aperiam veritatis alias vero voluptatem velit soluta. Et enim aut soluta culpa non sit. Beatae ad quasi recusandae eaque. Commodi vel adipisci ut velit alias exercitationem.', 1, '2018-07-02 11:01:01', '2018-07-02 11:01:01'),
(247, 32, 'Margarete Cassin', 'Quaerat suscipit doloremque numquam. Ut qui voluptatem rerum sit voluptatem praesentium. Ut et fugiat aut eius.', 3, '2018-07-02 11:01:01', '2018-07-02 11:01:01'),
(248, 19, 'Laisha Borer', 'Quisquam ut optio totam et pariatur culpa aut similique. Iste animi eveniet aperiam illum molestiae amet. Ut laboriosam et ut commodi quas ab enim.', 1, '2018-07-02 11:01:01', '2018-07-02 11:01:01'),
(249, 11, 'Tommie Veum', 'Incidunt dolorum quo nihil. Unde velit deleniti alias enim. Consequuntur est magni aut ullam aut qui sed enim.', 5, '2018-07-02 11:01:01', '2018-07-02 11:01:01'),
(250, 38, 'Dr. Emilie Lueilwitz', 'Ut aut ipsam tenetur. Cum placeat sapiente eaque blanditiis illum minus. Blanditiis dolorem dolore aliquid tenetur quia cupiditate architecto. Temporibus voluptatibus nobis dicta ullam molestias quidem vitae.', 4, '2018-07-02 11:01:01', '2018-07-02 11:01:01'),
(251, 16, 'Terrill Brekke', 'Aut et nihil magnam sint dolores quibusdam aut. Expedita provident quasi est accusamus veniam est. Ut non explicabo et et.', 4, '2018-07-02 11:01:01', '2018-07-02 11:01:01'),
(252, 15, 'Prof. Clint Conroy', 'Et voluptas omnis voluptas laborum perferendis consequatur voluptatem. Neque quasi vel sunt quaerat ut fugiat. Doloremque quisquam velit sit voluptatum ab nulla. Sapiente recusandae id vero non.', 1, '2018-07-02 11:01:01', '2018-07-02 11:01:01'),
(253, 14, 'Kristofer Schuppe', 'Distinctio aut quod quam commodi. Consequuntur veritatis et et repellat perferendis porro voluptate nobis. Est voluptatem distinctio eos ut possimus dolor.', 4, '2018-07-02 11:01:01', '2018-07-02 11:01:01'),
(254, 41, 'Lenora Mosciski', 'Exercitationem id ut et eos in sed. Iure omnis nostrum ullam consectetur et consequatur et voluptatem. Enim est quia laudantium minima hic. Qui enim dolor harum mollitia qui ipsum similique.', 4, '2018-07-02 11:01:01', '2018-07-02 11:01:01'),
(255, 32, 'Miss Queen Dooley', 'Nesciunt neque ducimus dolorem aut occaecati nihil vel. Officia quis facere consequuntur quisquam velit enim qui laboriosam. Modi aut eligendi aut et ex veniam.', 1, '2018-07-02 11:01:01', '2018-07-02 11:01:01'),
(256, 26, 'Ricky Ziemann', 'Quo et cupiditate eum qui laudantium debitis. Animi in vero accusantium rem veritatis. Cumque qui architecto maiores facere rerum est corporis. Adipisci recusandae nesciunt vel.', 0, '2018-07-02 11:01:01', '2018-07-02 11:01:01'),
(257, 42, 'Arturo Bogisich Sr.', 'Fuga omnis corrupti harum perspiciatis et dolorum nobis. Dolorem quibusdam commodi incidunt dolor. Quia qui vero atque iure.', 0, '2018-07-02 11:01:01', '2018-07-02 11:01:01'),
(258, 10, 'Grace VonRueden', 'Vitae voluptatem laudantium assumenda. Nesciunt eum deleniti at.', 5, '2018-07-02 11:01:02', '2018-07-02 11:01:02'),
(259, 13, 'Arthur Denesik', 'In totam aut nesciunt repellendus magnam id corrupti. Neque unde tempore quo quos architecto perferendis. Iure est consequatur laborum tempore. Nihil quos sit beatae ut dignissimos rerum voluptatem.', 1, '2018-07-02 11:01:02', '2018-07-02 11:01:02'),
(260, 39, 'Pablo Ebert', 'Occaecati accusantium illo assumenda. Qui velit dolore commodi. Maiores numquam corrupti dolorem temporibus aperiam. Deleniti nihil tenetur tempore reprehenderit.', 3, '2018-07-02 11:01:02', '2018-07-02 11:01:02'),
(261, 40, 'Prof. Dagmar Volkman', 'Ratione sint deserunt est sint laborum quis ut. Explicabo aut qui id ullam. Voluptates exercitationem magnam aliquam voluptas. Delectus blanditiis perspiciatis vel.', 4, '2018-07-02 11:01:02', '2018-07-02 11:01:02'),
(262, 44, 'Alena Connelly', 'Officia voluptatibus qui expedita facilis assumenda et. Veniam aliquid quis et deserunt aut sequi voluptatum. Laudantium quia fugit omnis sit. Nam aliquid dolorem aut ut iste qui.', 0, '2018-07-02 11:01:02', '2018-07-02 11:01:02'),
(263, 17, 'Al Friesen', 'Impedit voluptas sit ab est. Blanditiis voluptas ullam qui assumenda perferendis eum dolorem. Inventore quis voluptatem ut sed sunt voluptatibus qui praesentium. Veniam perferendis deserunt repudiandae ut aut.', 3, '2018-07-02 11:01:02', '2018-07-02 11:01:02'),
(264, 28, 'Lucas Bailey', 'Voluptatem similique necessitatibus illo ut ducimus. Fugit eaque deserunt pariatur et quae est. Totam inventore placeat eum aut voluptas cumque.', 3, '2018-07-02 11:01:02', '2018-07-02 11:01:02'),
(265, 5, 'Prof. Adelle Wisozk', 'Consequatur voluptatum debitis voluptatem alias. Odio dolore qui aliquid quidem recusandae. Praesentium nesciunt unde ad distinctio nostrum non velit.', 1, '2018-07-02 11:01:02', '2018-07-02 11:01:02'),
(266, 34, 'Mr. Domenic Schiller V', 'Accusantium quia illum iure nemo voluptatem tempore. Optio dignissimos et ut hic. Sed dignissimos omnis eos suscipit consequatur.', 2, '2018-07-02 11:01:02', '2018-07-02 11:01:02'),
(267, 37, 'Tony Hettinger', 'Fugiat sint molestias ipsa quisquam. Quos ducimus soluta iste et. Voluptatem officiis nulla qui qui rerum temporibus non omnis.', 3, '2018-07-02 11:01:02', '2018-07-02 11:01:02'),
(268, 49, 'Germaine West', 'Exercitationem optio quaerat perferendis blanditiis ex sunt dolorem pariatur. Iusto aut dolores deleniti possimus. Exercitationem quia qui quisquam qui et. Et ut quam qui et reiciendis fugit et.', 1, '2018-07-02 11:01:02', '2018-07-02 11:01:02'),
(269, 38, 'Mervin Paucek DDS', 'Nisi dolorem sequi voluptatem esse non. Eos vitae eius in sint odio.', 3, '2018-07-02 11:01:02', '2018-07-02 11:01:02'),
(270, 48, 'Name Cruickshank', 'Accusantium inventore qui inventore minima iusto qui. Commodi vero voluptatibus est. Velit molestiae sapiente ut iusto quis aut rerum.', 4, '2018-07-02 11:01:02', '2018-07-02 11:01:02'),
(271, 47, 'Arvilla Larson', 'Tenetur et et eius iste dicta qui. Et dolor animi id iste sint aut enim. Vel fuga voluptas qui quo. Qui quo officiis ut delectus dolorum.', 1, '2018-07-02 11:01:02', '2018-07-02 11:01:02'),
(272, 7, 'Brad Cole', 'Optio ut alias animi. Adipisci veniam ullam architecto sapiente ut deserunt. A commodi est distinctio aliquam.', 4, '2018-07-02 11:01:02', '2018-07-02 11:01:02'),
(273, 19, 'Hunter Feeney', 'Velit possimus enim tempore natus officiis et quas commodi. Est necessitatibus quia excepturi possimus qui esse. Nobis ullam temporibus aliquid labore.', 2, '2018-07-02 11:01:02', '2018-07-02 11:01:02'),
(274, 50, 'Pauline Blick V', 'Unde dolores accusantium hic reiciendis vel. Consequuntur maiores quam officiis velit. Odio sed earum quidem voluptatem. Eius odit quis eos voluptas. Molestiae veniam nobis deleniti explicabo quis.', 5, '2018-07-02 11:01:02', '2018-07-02 11:01:02'),
(275, 23, 'Shaniya Williamson II', 'Provident numquam et eos repudiandae. Harum veniam sint quod expedita.', 3, '2018-07-02 11:01:02', '2018-07-02 11:01:02'),
(276, 34, 'Dr. Breana Thiel', 'Quia quis occaecati voluptatem nisi recusandae officiis quia. Voluptas eum iusto veniam ut recusandae. Dolores illum tempora ut nesciunt.', 0, '2018-07-02 11:01:02', '2018-07-02 11:01:02'),
(277, 1, 'Miss Summer Lindgren', 'Rerum consequatur natus dignissimos molestiae quia. Ipsa labore quasi aspernatur debitis. Et inventore quo corporis porro rerum ut est. Repudiandae vero rerum pariatur nulla.', 0, '2018-07-02 11:01:02', '2018-07-02 11:01:02'),
(278, 28, 'Sven Stoltenberg', 'Nobis et est ad vitae cupiditate sunt voluptatem. Eaque eius magnam sunt ex. Et qui sed nesciunt quia eos nesciunt. Molestias ipsa vitae quis sed voluptatibus ipsam temporibus.', 5, '2018-07-02 11:01:02', '2018-07-02 11:01:02'),
(279, 21, 'Mrs. Madelyn Emmerich IV', 'Qui autem voluptatum quisquam dolorem est velit et. Corrupti omnis qui quo voluptates porro numquam. Dolore assumenda non et doloremque quo deleniti voluptatem.', 3, '2018-07-02 11:01:02', '2018-07-02 11:01:02'),
(280, 43, 'Prudence Kub', 'Eveniet explicabo laudantium ducimus mollitia aut in. Molestiae nihil voluptas nihil perspiciatis impedit ab inventore. Omnis ratione vel saepe minima qui rerum.', 0, '2018-07-02 11:01:02', '2018-07-02 11:01:02'),
(281, 12, 'Rasheed Schaden', 'At totam et tempore rerum dignissimos pariatur rem. Voluptates laborum et excepturi earum. Odit reprehenderit minus itaque est minus nulla est. Placeat illum dolorem itaque hic perspiciatis velit similique.', 1, '2018-07-02 11:01:02', '2018-07-02 11:01:02'),
(282, 25, 'Allison Rosenbaum', 'Quis illo et est. Dolor est in sequi eos. Sit ea sed similique tenetur.', 2, '2018-07-02 11:01:02', '2018-07-02 11:01:02'),
(283, 26, 'Tre Volkman', 'Velit aliquid qui id beatae qui natus. Blanditiis magnam provident eligendi dicta.', 5, '2018-07-02 11:01:02', '2018-07-02 11:01:02'),
(284, 17, 'Keon Kerluke II', 'Similique dolorum est quae impedit accusantium cum. Quam odio totam sunt quasi eius modi nam harum. Ut deleniti est nam dignissimos impedit mollitia. Est molestias modi aliquam facilis quis sint.', 3, '2018-07-02 11:01:02', '2018-07-02 11:01:02'),
(285, 44, 'Mae O\'Connell', 'Nesciunt commodi temporibus neque quis laudantium voluptatem ullam. Et minus non alias itaque ea ipsam. Optio est dolor neque consequuntur cumque cum quidem.', 2, '2018-07-02 11:01:02', '2018-07-02 11:01:02'),
(286, 1, 'Kody Huel', 'Illo quia veritatis labore sed sunt. Omnis et sit in et id velit sit. Sint eius iste et rerum dolores rerum. Nam iusto voluptatibus voluptate a. Qui voluptas pariatur consequatur ad adipisci.', 0, '2018-07-02 11:01:02', '2018-07-02 11:01:02'),
(287, 6, 'Victor Bernier', 'Eum quisquam quas suscipit autem. Aut saepe reprehenderit explicabo accusamus quidem aut nobis modi. Odit odit modi blanditiis id aut rerum consequatur nulla.', 2, '2018-07-02 11:01:02', '2018-07-02 11:01:02'),
(288, 23, 'Horace Funk', 'Et quo et aut dolorem non a. Eligendi rerum reprehenderit ut dicta rerum dicta. Nostrum consequuntur ex sit porro aut.', 1, '2018-07-02 11:01:02', '2018-07-02 11:01:02'),
(289, 27, 'Dr. Juwan Davis', 'Aliquid provident est omnis id qui. Consectetur molestiae ex accusantium perspiciatis voluptas.', 4, '2018-07-02 11:01:02', '2018-07-02 11:01:02'),
(290, 8, 'Garret Nienow', 'Sed quia asperiores nobis tempore. Nostrum voluptatem inventore quisquam quia. Incidunt temporibus amet vitae vero quisquam laudantium magnam.', 3, '2018-07-02 11:01:02', '2018-07-02 11:01:02'),
(291, 18, 'Nathan Gaylord', 'Voluptas veritatis tenetur eaque et beatae sed numquam. Nam eveniet voluptatem laudantium rerum delectus.', 3, '2018-07-02 11:01:02', '2018-07-02 11:01:02'),
(292, 44, 'Matilda Hilpert III', 'Totam suscipit non accusantium est et in ea commodi. Autem qui aspernatur quasi atque consequatur consequatur. Iusto aut atque eum eveniet et nesciunt. Id excepturi quis consequatur quisquam sed sed qui.', 0, '2018-07-02 11:01:02', '2018-07-02 11:01:02'),
(293, 22, 'Lavon Morar', 'Voluptas eos voluptatem cupiditate consequatur sunt omnis unde aut. Veritatis aut sunt dignissimos sed et optio est. Quae est exercitationem ullam aut.', 4, '2018-07-02 11:01:02', '2018-07-02 11:01:02'),
(294, 10, 'Lexi Watsica', 'Nobis omnis unde nulla saepe laudantium. Similique non itaque labore minus. Est et aliquam autem aut. Iste vel sequi qui temporibus aut voluptatem iste veritatis. Repellendus eum perferendis excepturi voluptas aperiam quia tenetur.', 2, '2018-07-02 11:01:02', '2018-07-02 11:01:02'),
(295, 36, 'Domenic Towne', 'Voluptate qui rem modi repellat. Placeat qui eius dolor labore nemo consequatur. Sint iure eum doloribus porro quia quis non omnis.', 5, '2018-07-02 11:01:02', '2018-07-02 11:01:02'),
(296, 13, 'Arlo Kuvalis', 'Et et officiis molestias perspiciatis officiis reprehenderit. Ut sint neque optio facilis. Autem assumenda consequatur dolor sed veritatis facere quia. Est labore distinctio quia vel autem beatae.', 3, '2018-07-02 11:01:02', '2018-07-02 11:01:02'),
(297, 30, 'Mrs. Isabelle Sawayn MD', 'Animi aut tempore ea blanditiis rerum adipisci consectetur. Rem ut voluptas sed sint. Id quas autem sed dolor eos earum. Dolore facilis aut voluptatem ut enim ullam. Culpa rerum labore quia.', 3, '2018-07-02 11:01:02', '2018-07-02 11:01:02'),
(298, 46, 'Frances Grady DVM', 'Fuga aliquam suscipit ea distinctio a voluptates. Inventore a neque harum magni ratione quos. Libero vero culpa accusantium a. Et quis architecto dolores ut sed beatae. Dolores veritatis rem labore deleniti magni tempora atque.', 2, '2018-07-02 11:01:02', '2018-07-02 11:01:02'),
(299, 10, 'Zula Schmitt', 'Quasi impedit quas aliquam in. Tenetur quibusdam ut reprehenderit et saepe. Provident omnis dolores iusto est. Fuga dolor numquam autem qui.', 5, '2018-07-02 11:01:02', '2018-07-02 11:01:02'),
(300, 30, 'Dr. Elfrieda Hoeger Jr.', 'Id placeat veritatis et sapiente minima vel. Aut necessitatibus et similique maxime quis officia ut possimus. Doloribus porro nostrum quaerat ullam.', 3, '2018-07-02 11:01:02', '2018-07-02 11:01:02');

-- --------------------------------------------------------

--
-- Table structure for table `staff`
--

CREATE TABLE `staff` (
  `id` int(10) UNSIGNED NOT NULL,
  `name` varchar(191) COLLATE utf8mb4_unicode_ci NOT NULL,
  `created_at` timestamp NULL DEFAULT NULL,
  `updated_at` timestamp NULL DEFAULT NULL
) ENGINE=InnoDB DEFAULT CHARSET=utf8mb4 COLLATE=utf8mb4_unicode_ci;

-- --------------------------------------------------------

--
-- Table structure for table `users`
--

CREATE TABLE `users` (
  `id` int(10) UNSIGNED NOT NULL,
  `name` varchar(191) COLLATE utf8mb4_unicode_ci NOT NULL,
  `email` varchar(191) COLLATE utf8mb4_unicode_ci NOT NULL,
  `password` varchar(191) COLLATE utf8mb4_unicode_ci NOT NULL,
  `remember_token` varchar(100) COLLATE utf8mb4_unicode_ci DEFAULT NULL,
  `created_at` timestamp NULL DEFAULT NULL,
  `updated_at` timestamp NULL DEFAULT NULL
) ENGINE=InnoDB DEFAULT CHARSET=utf8mb4 COLLATE=utf8mb4_unicode_ci;

--
-- Indexes for dumped tables
--

--
-- Indexes for table `migrations`
--
ALTER TABLE `migrations`
  ADD PRIMARY KEY (`id`);

--
-- Indexes for table `password_resets`
--
ALTER TABLE `password_resets`
  ADD KEY `password_resets_email_index` (`email`);

--
-- Indexes for table `photos`
--
ALTER TABLE `photos`
  ADD PRIMARY KEY (`id`);

--
-- Indexes for table `products`
--
ALTER TABLE `products`
  ADD PRIMARY KEY (`id`);

--
-- Indexes for table `reviews`
--
ALTER TABLE `reviews`
  ADD PRIMARY KEY (`id`),
  ADD KEY `reviews_product_id_index` (`product_id`);

--
-- Indexes for table `staff`
--
ALTER TABLE `staff`
  ADD PRIMARY KEY (`id`);

--
-- Indexes for table `users`
--
ALTER TABLE `users`
  ADD PRIMARY KEY (`id`),
  ADD UNIQUE KEY `users_email_unique` (`email`);

--
-- AUTO_INCREMENT for dumped tables
--

--
-- AUTO_INCREMENT for table `migrations`
--
ALTER TABLE `migrations`
  MODIFY `id` int(10) UNSIGNED NOT NULL AUTO_INCREMENT, AUTO_INCREMENT=7;

--
-- AUTO_INCREMENT for table `photos`
--
ALTER TABLE `photos`
  MODIFY `id` int(10) UNSIGNED NOT NULL AUTO_INCREMENT;

--
-- AUTO_INCREMENT for table `products`
--
ALTER TABLE `products`
  MODIFY `id` int(10) UNSIGNED NOT NULL AUTO_INCREMENT, AUTO_INCREMENT=51;

--
-- AUTO_INCREMENT for table `reviews`
--
ALTER TABLE `reviews`
  MODIFY `id` int(10) UNSIGNED NOT NULL AUTO_INCREMENT, AUTO_INCREMENT=301;

--
-- AUTO_INCREMENT for table `staff`
--
ALTER TABLE `staff`
  MODIFY `id` int(10) UNSIGNED NOT NULL AUTO_INCREMENT;

--
-- AUTO_INCREMENT for table `users`
--
ALTER TABLE `users`
  MODIFY `id` int(10) UNSIGNED NOT NULL AUTO_INCREMENT;

--
-- Constraints for dumped tables
--

--
-- Constraints for table `reviews`
--
ALTER TABLE `reviews`
  ADD CONSTRAINT `reviews_product_id_foreign` FOREIGN KEY (`product_id`) REFERENCES `products` (`id`) ON DELETE CASCADE;
COMMIT;

/*!40101 SET CHARACTER_SET_CLIENT=@OLD_CHARACTER_SET_CLIENT */;
/*!40101 SET CHARACTER_SET_RESULTS=@OLD_CHARACTER_SET_RESULTS */;
/*!40101 SET COLLATION_CONNECTION=@OLD_COLLATION_CONNECTION */;
